,MONTH,YEAR,CLIMATE.REGION,CLIMATE.CATEGORY,ANOMALY.LEVEL,CAUSE.CATEGORY,OUTAGE.DURATION,DEMAND.LOSS.MW,CUSTOMERS.AFFECTED
1,7.0,2011.0,East North Central,normal,-0.3,severe weather,3060,,70000.0
2,5.0,2014.0,East North Central,normal,-0.1,intentional attack,1,,
3,10.0,2010.0,East North Central,cold,-1.5,severe weather,3000,,70000.0
4,6.0,2012.0,East North Central,normal,-0.1,severe weather,2550,,68200.0
5,7.0,2015.0,East North Central,warm,1.2,severe weather,1740,250,250000.0
6,11.0,2010.0,East North Central,cold,-1.4,severe weather,1860,,60000.0
7,7.0,2010.0,East North Central,cold,-0.9,severe weather,2970,,63000.0
8,6.0,2005.0,East North Central,normal,0.2,severe weather,3960,75,300000.0
9,3.0,2015.0,East North Central,warm,0.6,intentional attack,155,20,5941.0
10,6.0,2013.0,East North Central,normal,-0.2,severe weather,3621,,400000.0
11,6.0,2013.0,East North Central,normal,-0.2,severe weather,7740,,193000.0
12,9.0,2005.0,East North Central,normal,0,severe weather,8880,,200000.0
13,7.0,2011.0,East North Central,normal,-0.3,intentional attack,0,0,0.0
14,5.0,2011.0,East North Central,normal,-0.4,intentional attack,1322,0,0.0
15,6.0,2014.0,East North Central,normal,0,severe weather,60,,55951.0
16,6.0,2015.0,Central,warm,1,system operability disruption,19,926,
17,8.0,2012.0,Central,normal,0.3,intentional attack,0,,
18,6.0,2015.0,Central,warm,1,system operability disruption,21,,
19,4.0,2011.0,Central,cold,-0.5,severe weather,196,100,64000.0
20,2.0,2008.0,Central,cold,-1.3,severe weather,840,,57000.0
21,1.0,2015.0,Central,warm,0.6,severe weather,935,,
22,7.0,2012.0,Central,normal,0.1,severe weather,1260,,50001.0
23,7.0,2015.0,Central,warm,1.2,intentional attack,,0,0.0
24,4.0,2013.0,Central,normal,-0.2,intentional attack,619,,
25,1.0,2014.0,Central,cold,-0.5,severe weather,150,,
26,7.0,2009.0,Central,warm,0.5,equipment failure,762,,
27,6.0,2011.0,Central,normal,-0.3,severe weather,0,,106300.0
28,4.0,2011.0,Central,cold,-0.5,severe weather,660,300,63000.0
29,6.0,2014.0,Central,normal,0,severe weather,1,,56475.0
30,6.0,2012.0,Central,normal,-0.1,public appeal,2700,,
31,6.0,2014.0,Central,normal,0,intentional attack,1,,
32,4.0,2011.0,Central,cold,-0.5,severe weather,4921,300,73000.0
33,5.0,2015.0,Central,warm,0.8,intentional attack,95,1,215.0
34,2.0,2015.0,Central,warm,0.5,severe weather,251,,50000.0
35,6.0,2014.0,Central,normal,0,severe weather,4125,494,38500.0
36,4.0,2011.0,Central,cold,-0.5,severe weather,2550,300,105000.0
37,7.0,2016.0,Central,normal,-0.3,system operability disruption,,,
38,1.0,2014.0,Central,cold,-0.5,severe weather,1200,,
39,3.0,2015.0,Central,warm,0.6,intentional attack,310,,
40,1.0,2013.0,Central,normal,-0.4,severe weather,2818,,80000.0
41,4.0,2011.0,Central,cold,-0.5,severe weather,5054,359,63000.0
42,6.0,2009.0,Central,normal,0.4,severe weather,136,860,136000.0
43,3.0,2014.0,Central,normal,-0.4,severe weather,528,,65904.0
44,1.0,2014.0,Central,cold,-0.5,severe weather,150,,
45,4.0,2011.0,Central,cold,-0.5,equipment failure,46,140,
46,6.0,2014.0,Central,normal,0,intentional attack,1,,
47,1.0,2014.0,Central,cold,-0.5,severe weather,1920,,
48,4.0,2016.0,Central,warm,1.1,intentional attack,,0,0.0
49,1.0,2009.0,Central,cold,-0.7,severe weather,32,850,
50,6.0,2014.0,East North Central,normal,0,fuel supply emergency,,,
51,1.0,2014.0,East North Central,cold,-0.5,intentional attack,135,,
52,11.0,2005.0,East North Central,cold,-0.5,severe weather,3000,10,48000.0
53,8.0,2013.0,East North Central,normal,-0.3,severe weather,32,15,7000.0
54,1.0,2014.0,East North Central,cold,-0.5,fuel supply emergency,108653,,
55,4.0,2014.0,East North Central,normal,-0.2,fuel supply emergency,8468,,
56,7.0,2003.0,East North Central,normal,0.1,severe weather,960,150,52000.0
57,1.0,2014.0,East North Central,cold,-0.5,intentional attack,44,,
58,1.0,2016.0,East North Central,warm,2.2,intentional attack,1605,0,0.0
59,9.0,2005.0,East North Central,normal,0,severe weather,4410,600,110000.0
60,8.0,2010.0,East North Central,cold,-1.2,public appeal,388,30,7600.0
61,10.0,2010.0,East North Central,cold,-1.5,severe weather,480,,63000.0
62,4.0,2003.0,East North Central,normal,0,intentional attack,1219,0,0.0
63,1.0,2014.0,East North Central,cold,-0.5,intentional attack,90,,
64,3.0,2014.0,East North Central,normal,-0.4,fuel supply emergency,18660,,
65,6.0,2014.0,East North Central,normal,0,severe weather,538,424,120000.0
66,8.0,2013.0,East North Central,normal,-0.3,fuel supply emergency,104,,
67,1.0,2014.0,East North Central,cold,-0.5,intentional attack,60,,
68,8.0,2013.0,East North Central,normal,-0.3,severe weather,1272,220,51160.0
69,1.0,2014.0,East North Central,cold,-0.5,intentional attack,60,,
70,3.0,2015.0,Central,warm,0.6,intentional attack,1,24,
71,6.0,2014.0,Central,normal,0,severe weather,1000,,66383.0
72,10.0,2012.0,Central,normal,0.3,severe weather,17339,,208000.0
73,6.0,2012.0,Central,normal,-0.1,severe weather,9576,700,265000.0
74,5.0,2011.0,East North Central,normal,-0.4,severe weather,3090,250,113000.0
75,9.0,2005.0,East North Central,normal,0,severe weather,6510,366,53000.0
76,11.0,2003.0,East North Central,normal,0.3,severe weather,5820,82,245000.0
77,7.0,2011.0,East North Central,normal,-0.3,public appeal,1078,8881,
78,2.0,2016.0,East North Central,warm,2,severe weather,1513,,145314.0
79,7.0,2007.0,East North Central,normal,-0.4,severe weather,4830,,60000.0
80,8.0,2003.0,East North Central,normal,0.2,system operability disruption,3051,11000,2100000.0
81,4.0,2003.0,East North Central,normal,0,severe weather,4200,300,425000.0
82,5.0,2011.0,East North Central,normal,-0.4,system operability disruption,2085,585,78213.0
83,6.0,2010.0,East North Central,normal,-0.4,severe weather,5730,,150000.0
84,4.0,2014.0,East North Central,normal,-0.2,severe weather,4290,,164000.0
85,3.0,2012.0,East North Central,normal,-0.4,severe weather,2670,50,140000.0
86,4.0,2009.0,East North Central,normal,-0.1,severe weather,3540,75,70793.0
87,12.0,2007.0,East North Central,cold,-1.3,severe weather,3637,50,134288.0
88,11.0,2015.0,East North Central,warm,2.2,severe weather,1710,,60000.0
89,7.0,2007.0,East North Central,normal,-0.4,severe weather,4320,,69000.0
90,10.0,2009.0,East North Central,warm,0.9,severe weather,3915,,75000.0
91,6.0,2005.0,East North Central,normal,0.2,severe weather,3120,55,105000.0
92,6.0,2009.0,East North Central,normal,0.4,severe weather,4590,,118000.0
93,6.0,2005.0,East North Central,normal,0.2,severe weather,7530,1826,201580.0
94,11.0,2013.0,East North Central,normal,-0.3,severe weather,5034,,325325.0
95,11.0,2005.0,East North Central,cold,-0.5,severe weather,8160,212,118000.0
96,7.0,2003.0,East North Central,normal,0.1,severe weather,3300,82,131000.0
97,2.0,2011.0,East North Central,cold,-1,severe weather,4320,262,160000.0
98,1.0,2011.0,East North Central,cold,-1.3,intentional attack,1770,0,0.0
99,12.0,2013.0,East North Central,normal,-0.3,severe weather,9857,,50000.0
100,10.0,2012.0,East North Central,normal,0.3,severe weather,4080,,133777.0
101,4.0,2009.0,East North Central,normal,-0.1,severe weather,5670,,125000.0
102,5.0,2004.0,East North Central,normal,0.2,severe weather,5700,200,248209.0
103,8.0,2015.0,East North Central,warm,1.4,severe weather,1995,,162000.0
104,7.0,2016.0,East North Central,normal,-0.3,severe weather,300,,160895.0
105,12.0,2008.0,East North Central,cold,-0.7,severe weather,5115,,210517.0
106,7.0,2012.0,East North Central,normal,0.1,severe weather,2670,,111000.0
107,12.0,2008.0,East North Central,cold,-0.7,severe weather,7650,,247847.0
108,6.0,2015.0,East North Central,warm,1,severe weather,4338,,68000.0
109,9.0,2003.0,East North Central,normal,0.2,equipment failure,761,310,
110,11.0,2013.0,East North Central,normal,-0.3,severe weather,5760,,50000.0
111,10.0,2010.0,East North Central,cold,-1.5,severe weather,2820,240,285000.0
112,1.0,2008.0,East North Central,cold,-1.4,severe weather,4110,,86915.0
113,10.0,2004.0,East North Central,warm,0.7,severe weather,3360,60,122000.0
114,12.0,2009.0,East North Central,warm,1.3,severe weather,3015,,65562.0
115,9.0,2015.0,East North Central,warm,1.7,severe weather,232,,50114.0
116,4.0,2011.0,East North Central,cold,-0.5,intentional attack,11525,,
117,2.0,2006.0,East North Central,cold,-0.6,severe weather,6420,100,252089.0
118,5.0,2003.0,East North Central,normal,-0.2,severe weather,46080,240,2.0
119,8.0,2009.0,East North Central,warm,0.5,severe weather,5700,,137000.0
120,8.0,2010.0,East North Central,cold,-1.2,severe weather,5610,340,80000.0
121,3.0,2009.0,East North Central,normal,-0.4,equipment failure,78377,378,
122,6.0,2008.0,East North Central,cold,-0.5,severe weather,270,,53000.0
123,3.0,2012.0,East North Central,normal,-0.4,severe weather,4050,371,130000.0
124,7.0,2011.0,East North Central,normal,-0.3,severe weather,5865,,182000.0
125,3.0,2012.0,East North Central,normal,-0.4,islanding,1,,0.0
126,4.0,2014.0,East North Central,normal,-0.2,severe weather,2325,,50000.0
127,12.0,2010.0,East North Central,cold,-1.4,severe weather,4170,210,60175.0
128,1.0,2013.0,East North Central,normal,-0.4,severe weather,4485,,146500.0
129,8.0,2003.0,East North Central,normal,0.2,system operability disruption,2694,1007,101000.0
130,9.0,2007.0,East North Central,cold,-0.9,equipment failure,168,320,
131,7.0,2008.0,East North Central,normal,-0.4,severe weather,5580,125,239663.0
132,12.0,2008.0,East North Central,cold,-0.7,severe weather,705,,230000.0
133,6.0,2008.0,East North Central,cold,-0.5,severe weather,11850,500,150000.0
134,4.0,2012.0,East North Central,normal,-0.4,severe weather,3494,218,111393.0
135,5.0,2004.0,East North Central,normal,0.2,severe weather,4560,630,250000.0
136,6.0,2014.0,East North Central,normal,0,severe weather,2760,,138802.0
137,9.0,2013.0,East North Central,normal,-0.2,severe weather,5760,400,75000.0
138,6.0,2008.0,East North Central,cold,-0.5,severe weather,8922,100,358000.0
139,7.0,2010.0,East North Central,cold,-0.9,severe weather,6030,540,127534.0
140,5.0,2004.0,East North Central,normal,0.2,severe weather,7800,303,122600.0
141,12.0,2013.0,East North Central,normal,-0.3,severe weather,4242,350,140735.0
142,5.0,2007.0,East North Central,normal,-0.2,severe weather,3120,500,66000.0
143,11.0,2003.0,East North Central,normal,0.3,severe weather,5700,75,160000.0
144,7.0,2013.0,East North Central,normal,-0.3,severe weather,900,,156627.0
145,12.0,2011.0,East North Central,cold,-0.9,intentional attack,1046,0,0.0
146,6.0,2005.0,East North Central,normal,0.2,severe weather,7620,1000,114711.0
147,4.0,2013.0,East North Central,normal,-0.2,severe weather,3630,,99188.0
148,7.0,2011.0,East North Central,normal,-0.3,severe weather,1260,,85000.0
149,10.0,2004.0,East North Central,warm,0.7,severe weather,5840,700,159870.0
150,8.0,2007.0,East North Central,cold,-0.6,severe weather,5790,,75000.0
151,8.0,2015.0,East North Central,warm,1.4,severe weather,2820,,72520.0
152,6.0,2010.0,East North Central,normal,-0.4,severe weather,600,,100000.0
153,6.0,2009.0,East North Central,normal,0.4,severe weather,4259,75,99000.0
154,11.0,2005.0,East North Central,cold,-0.5,severe weather,2939,408,272355.0
155,7.0,2006.0,East North Central,normal,0.1,severe weather,7080,150,315000.0
156,3.0,2002.0,East North Central,normal,0.1,severe weather,3600,190,190000.0
157,8.0,2009.0,East North Central,warm,0.5,severe weather,1588,,58156.0
158,7.0,2010.0,East North Central,cold,-0.9,severe weather,4260,400,82000.0
159,12.0,2015.0,East North Central,warm,2.3,severe weather,2700,,168000.0
160,5.0,2011.0,East North Central,normal,-0.4,intentional attack,200,0,0.0
161,7.0,2011.0,East North Central,normal,-0.3,severe weather,8430,,197166.0
162,7.0,2011.0,East North Central,normal,-0.3,severe weather,85,254,103000.0
163,1.0,2007.0,East North Central,warm,0.7,severe weather,9150,500,129607.0
164,9.0,2010.0,East North Central,cold,-1.4,severe weather,1019,,138000.0
165,6.0,2013.0,East North Central,normal,-0.2,severe weather,420,,138000.0
166,7.0,2008.0,East North Central,normal,-0.4,severe weather,1140,,56000.0
167,9.0,2011.0,East North Central,cold,-0.8,severe weather,7440,,105000.0
168,8.0,2011.0,East North Central,cold,-0.6,severe weather,4458,254,65000.0
169,7.0,2015.0,South,warm,1.2,system operability disruption,373,350,30000.0
170,2.0,2011.0,South,cold,-1,severe weather,1203,,
171,2.0,2011.0,South,cold,-1,system operability disruption,868,400,86013.0
172,7.0,2016.0,South,normal,-0.3,severe weather,1455,,52000.0
173,8.0,2012.0,South,normal,0.3,intentional attack,206,12,3314.0
174,2.0,2014.0,South,cold,-0.5,public appeal,1195,,
175,1.0,2014.0,South,cold,-0.5,severe weather,1559,,
176,11.0,2004.0,South,warm,0.6,severe weather,900,150,119000.0
177,4.0,2015.0,South,warm,0.7,severe weather,2690,,57000.0
178,5.0,2015.0,South,warm,0.8,severe weather,5115,,454000.0
179,6.0,2014.0,South,normal,0,intentional attack,5,,
180,4.0,2006.0,South,normal,-0.2,system operability disruption,189,380,489478.0
181,6.0,2010.0,South,normal,-0.4,severe weather,2142,,126000.0
182,6.0,2010.0,South,normal,-0.4,severe weather,360,,79741.0
183,9.0,2007.0,South,cold,-0.9,fuel supply emergency,,,
184,8.0,2015.0,South,warm,1.4,public appeal,225,,
185,9.0,2007.0,South,cold,-0.9,severe weather,2340,,118000.0
186,7.0,2011.0,South,normal,-0.3,public appeal,480,0,0.0
187,7.0,2003.0,South,normal,0.1,severe weather,9486,265,108000.0
188,5.0,2000.0,South,cold,-0.7,severe weather,480,,238000.0
189,6.0,2015.0,South,warm,1,system operability disruption,3000,,
190,3.0,2012.0,South,normal,-0.4,severe weather,300,,96000.0
191,4.0,2015.0,South,warm,0.7,severe weather,3020,,280982.0
192,6.0,2007.0,South,normal,-0.3,system operability disruption,766,399,98700.0
193,4.0,2014.0,South,normal,-0.2,fuel supply emergency,,,
194,8.0,2011.0,South,cold,-0.6,severe weather,1335,485,79000.0
195,8.0,2011.0,South,cold,-0.6,public appeal,197,0,0.0
196,4.0,2006.0,South,normal,-0.2,system operability disruption,245,1000,200000.0
197,5.0,2016.0,South,warm,0.6,system operability disruption,3255,,85000.0
198,9.0,2005.0,South,normal,0,severe weather,12180,260,200000.0
199,3.0,2011.0,South,cold,-0.7,intentional attack,1077,,
200,8.0,2004.0,South,warm,0.6,equipment failure,600,,
201,4.0,2003.0,South,normal,0,equipment failure,186,212,68530.0
202,3.0,2007.0,South,normal,0.1,severe weather,690,179,67000.0
203,9.0,2008.0,South,normal,-0.3,severe weather,27698,8087,2142678.0
204,2.0,2014.0,South,cold,-0.5,public appeal,402,,
205,10.0,2015.0,South,warm,2,severe weather,2420,,130252.0
206,2.0,2011.0,South,cold,-1,severe weather,327,399,60000.0
207,1.0,2015.0,South,warm,0.6,intentional attack,1,0,0.0
208,12.0,2012.0,South,normal,-0.2,severe weather,1860,294,262000.0
209,2.0,2014.0,South,cold,-0.5,public appeal,220,,
210,10.0,2015.0,South,warm,2,public appeal,455,,
211,9.0,2007.0,South,cold,-0.9,equipment failure,318,1084,
212,5.0,2003.0,South,normal,-0.2,system operability disruption,757,476,192000.0
213,8.0,2008.0,South,normal,-0.3,severe weather,847,153,71823.0
214,1.0,2012.0,South,cold,-0.7,intentional attack,410,,0.0
215,8.0,2009.0,South,warm,0.5,severe weather,215,491,73000.0
216,4.0,2016.0,South,warm,1.1,intentional attack,5,0,0.0
217,2.0,2009.0,South,cold,-0.6,severe weather,570,350,64801.0
218,7.0,2008.0,South,normal,-0.4,severe weather,12124,703,211266.0
219,7.0,2016.0,South,normal,-0.3,severe weather,2655,,62000.0
220,12.0,2013.0,South,normal,-0.3,fuel supply emergency,20160,,
221,11.0,2012.0,South,normal,0.1,fuel supply emergency,1440,1231,
222,11.0,2006.0,South,warm,0.9,severe weather,600,221,83000.0
223,3.0,2004.0,South,normal,0.2,equipment failure,39,300,100000.0
224,7.0,2012.0,South,normal,0.1,severe weather,181,220,70000.0
225,4.0,2016.0,South,warm,1.1,severe weather,1185,,214864.0
226,8.0,2009.0,South,warm,0.5,severe weather,1500,544,80000.0
227,1.0,2012.0,South,cold,-0.7,system operability disruption,0,,
228,10.0,2006.0,South,warm,0.7,system operability disruption,271,339,
229,8.0,2013.0,South,normal,-0.3,severe weather,1860,,219681.0
230,6.0,2011.0,South,normal,-0.3,severe weather,1200,473,78000.0
231,5.0,2000.0,South,cold,-0.7,system operability disruption,2159,,2000000.0
232,2.0,2010.0,South,warm,1.2,severe weather,6300,,500000.0
233,6.0,2014.0,South,normal,0,fuel supply emergency,,,
234,9.0,2005.0,South,normal,0,severe weather,1620,1950,715000.0
235,6.0,2009.0,South,normal,0.4,public appeal,224,,
236,3.0,2000.0,South,cold,-1.1,system operability disruption,70,400,100000.0
237,2.0,2011.0,South,cold,-1,system operability disruption,1697,4000,1069730.0
238,4.0,2006.0,South,normal,-0.2,system operability disruption,95,108,51404.0
239,6.0,2012.0,South,normal,-0.1,severe weather,2220,920,175000.0
240,,2000.0,South,,,equipment failure,,46,43000.0
241,12.0,2013.0,South,normal,-0.3,severe weather,7809,,881000.0
242,4.0,2004.0,South,normal,0.1,severe weather,1200,100,85000.0
243,4.0,2006.0,South,normal,-0.2,system operability disruption,121,260,68000.0
244,7.0,2015.0,South,warm,1.2,system operability disruption,63,117,17311.0
245,4.0,2008.0,South,cold,-0.9,severe weather,5595,,488689.0
246,2.0,2015.0,South,warm,0.5,intentional attack,1,,
247,2.0,2012.0,South,cold,-0.5,intentional attack,557,0,0.0
248,6.0,2011.0,South,normal,-0.3,public appeal,240,0,0.0
249,9.0,2008.0,South,normal,-0.3,severe weather,3360,,238392.0
250,9.0,2010.0,South,cold,-1.4,severe weather,685,,340350.0
251,3.0,2014.0,South,normal,-0.4,severe weather,2280,,
252,7.0,2009.0,South,warm,0.5,public appeal,210,,
253,6.0,2001.0,South,normal,-0.1,system operability disruption,167,350,24506.0
254,4.0,2009.0,South,normal,-0.1,severe weather,1920,176,158000.0
255,6.0,2008.0,South,cold,-0.5,severe weather,3569,,234393.0
256,4.0,2015.0,South,warm,0.7,severe weather,3300,,89000.0
257,1.0,2011.0,South,cold,-1.3,intentional attack,10,0,0.0
258,7.0,2009.0,South,warm,0.5,severe weather,1560,51,73000.0
259,4.0,2012.0,South,normal,-0.4,severe weather,840,,120377.0
260,8.0,2009.0,South,warm,0.5,public appeal,240,,
261,2.0,2014.0,South,cold,-0.5,public appeal,990,,
262,8.0,2011.0,South,cold,-0.6,public appeal,6000,0,0.0
263,3.0,2004.0,South,normal,0.2,severe weather,17865,300,63000.0
264,3.0,2012.0,South,normal,-0.4,intentional attack,1282,,
265,10.0,2013.0,South,normal,-0.3,severe weather,1080,,171117.0
266,8.0,2011.0,South,cold,-0.6,public appeal,7540,0,0.0
267,5.0,2015.0,South,warm,0.8,severe weather,1320,,57531.0
268,5.0,2005.0,South,normal,0.3,severe weather,1110,328,123000.0
269,9.0,2008.0,South,normal,-0.3,severe weather,27698,,2504366.0
270,4.0,2006.0,South,normal,-0.2,system operability disruption,130,40,9000.0
271,5.0,2015.0,South,warm,0.8,severe weather,3040,,61000.0
272,6.0,2011.0,South,normal,-0.3,public appeal,394,0,0.0
273,6.0,2001.0,South,normal,-0.1,severe weather,10140,,36073.0
274,12.0,2013.0,South,normal,-0.3,fuel supply emergency,20160,,
275,9.0,2008.0,South,normal,-0.3,severe weather,21540,650,113247.0
276,1.0,2014.0,South,cold,-0.5,public appeal,45,,
277,6.0,2014.0,South,normal,0,intentional attack,1,,
278,6.0,2004.0,South,normal,0.3,severe weather,1200,1900,500000.0
279,7.0,2015.0,South,warm,1.2,system operability disruption,550,,
280,4.0,2006.0,South,normal,-0.2,severe weather,900,219,82000.0
281,3.0,2009.0,South,normal,-0.4,equipment failure,885,250,132000.0
282,8.0,2010.0,South,cold,-1.2,severe weather,940,746,81586.0
283,12.0,2015.0,South,warm,2.3,severe weather,,,70000.0
284,4.0,2016.0,South,warm,1.1,severe weather,3050,,415103.0
285,5.0,2007.0,South,normal,-0.2,severe weather,1830,,300000.0
286,6.0,2009.0,South,normal,0.4,severe weather,6000,,800000.0
287,9.0,2011.0,South,cold,-0.8,severe weather,1500,,65000.0
288,5.0,2004.0,South,normal,0.2,severe weather,150,85,62500.0
289,8.0,2015.0,South,warm,1.4,severe weather,1955,,100000.0
290,1.0,2009.0,South,cold,-0.7,severe weather,2220,,157019.0
291,7.0,2009.0,South,warm,0.5,public appeal,330,,
292,3.0,2011.0,South,cold,-0.7,intentional attack,74,,
293,5.0,2005.0,South,normal,0.3,severe weather,420,672,243000.0
294,3.0,2001.0,South,normal,-0.4,system operability disruption,1440,,114000.0
295,12.0,2011.0,South,cold,-0.9,intentional attack,255,,
296,6.0,2014.0,Central,normal,0,severe weather,1060,,127000.0
297,1.0,2009.0,Central,cold,-0.7,fuel supply emergency,12240,,
298,7.0,2004.0,Central,warm,0.5,severe weather,5250,600,135000.0
299,11.0,2013.0,Central,normal,-0.3,severe weather,4320,,61705.0
300,11.0,2015.0,Central,warm,2.2,intentional attack,120,0,0.0
301,5.0,2008.0,Central,cold,-0.7,islanding,233,47,9700.0
302,8.0,2000.0,Central,cold,-0.5,equipment failure,,15,124000.0
303,1.0,2009.0,Central,cold,-0.7,system operability disruption,65,50,9700.0
304,12.0,2008.0,Central,cold,-0.7,severe weather,2120,,50000.0
305,6.0,2008.0,Central,cold,-0.5,islanding,96,57,9700.0
306,5.0,2014.0,Central,normal,-0.1,intentional attack,3,,
307,11.0,2013.0,Central,normal,-0.3,severe weather,4320,,75065.0
308,11.0,2013.0,Central,normal,-0.3,system operability disruption,65,38,7500.0
309,7.0,2011.0,Central,normal,-0.3,severe weather,2146,,201000.0
310,10.0,2011.0,Central,cold,-0.9,intentional attack,96,,
311,11.0,2013.0,Central,normal,-0.3,severe weather,4032,535,61705.0
312,5.0,2014.0,Central,normal,-0.1,severe weather,2580,,56000.0
313,10.0,2012.0,Central,normal,0.3,system operability disruption,6,49,9800.0
314,7.0,2012.0,Central,normal,0.1,severe weather,569,,82621.0
315,11.0,2011.0,Central,cold,-1,intentional attack,0,0,0.0
316,1.0,2005.0,Central,warm,0.7,severe weather,15950,545,114791.0
317,8.0,2012.0,Central,normal,0.3,severe weather,200,,61413.0
318,6.0,2010.0,Central,normal,-0.4,severe weather,1980,,94345.0
319,4.0,2006.0,Central,normal,-0.2,severe weather,4045,1000,186000.0
320,6.0,2013.0,Central,normal,-0.2,severe weather,2730,,86615.0
321,5.0,2011.0,Central,normal,-0.4,severe weather,3314,1024,215387.0
322,5.0,2008.0,Central,cold,-0.7,severe weather,7319,,70000.0
323,6.0,2008.0,Central,cold,-0.5,equipment failure,1,425,
324,9.0,2007.0,Central,cold,-0.9,islanding,47,50,9600.0
325,7.0,2012.0,Central,normal,0.1,severe weather,1440,,52702.0
326,4.0,2012.0,Central,normal,-0.4,intentional attack,276,,
327,8.0,2012.0,Central,normal,0.3,intentional attack,0,0,0.0
328,7.0,2011.0,Central,normal,-0.3,intentional attack,0,,
329,5.0,2011.0,Central,normal,-0.4,severe weather,3646,200,141000.0
330,8.0,2008.0,Central,normal,-0.3,severe weather,1130,,63000.0
331,11.0,2013.0,Central,normal,-0.3,intentional attack,2880,,
332,6.0,2010.0,Central,normal,-0.4,severe weather,513,,53000.0
333,12.0,2008.0,Central,cold,-0.7,system operability disruption,35,41,9700.0
334,1.0,2009.0,Central,cold,-0.7,severe weather,23773,,53700.0
335,6.0,2008.0,Central,cold,-0.5,severe weather,10,650,
336,7.0,2008.0,Central,normal,-0.4,severe weather,3872,,58000.0
337,6.0,2010.0,Central,normal,-0.4,system operability disruption,23187,500,
338,1.0,2009.0,Central,cold,-0.7,severe weather,12240,506,75000.0
339,6.0,2014.0,Southeast,normal,0,severe weather,390,217,65000.0
340,,2000.0,Southeast,,,severe weather,,,160000.0
341,12.0,2000.0,Southeast,cold,-0.8,severe weather,3264,,60000.0
342,8.0,2000.0,Southeast,cold,-0.5,severe weather,1230,,75000.0
343,7.0,2015.0,Southeast,warm,1.2,severe weather,803,366,111644.0
344,4.0,2013.0,Southeast,normal,-0.2,intentional attack,77,,
345,6.0,2014.0,South,normal,0,intentional attack,30,,
346,5.0,2011.0,South,normal,-0.4,system operability disruption,300,30,10000.0
347,5.0,2014.0,South,normal,-0.1,intentional attack,1,,
348,5.0,2015.0,South,warm,0.8,intentional attack,5,0,0.0
349,5.0,2011.0,Central,normal,-0.4,intentional attack,1450,0,0.0
350,6.0,2010.0,Central,normal,-0.4,severe weather,2680,,300000.0
351,5.0,2000.0,Central,cold,-0.7,severe weather,,,101830.0
352,8.0,2007.0,Central,cold,-0.6,severe weather,7609,,629590.0
353,6.0,2012.0,Central,normal,-0.1,severe weather,150,,109000.0
354,10.0,2010.0,Central,cold,-1.5,severe weather,3000,,192106.0
355,7.0,2012.0,Central,normal,0.1,severe weather,420,,181000.0
356,11.0,2013.0,Central,normal,-0.3,severe weather,479,,190000.0
357,10.0,2006.0,Central,warm,0.7,severe weather,1680,,471932.0
358,6.0,2010.0,Central,normal,-0.4,severe weather,2700,,400000.0
359,6.0,2005.0,Central,normal,0.2,equipment failure,149,350,51500.0
360,6.0,2011.0,Central,normal,-0.3,severe weather,1110,,121000.0
361,6.0,2014.0,Central,normal,0,severe weather,2790,,420000.0
362,6.0,2009.0,Central,normal,0.4,severe weather,659,,245000.0
363,8.0,2004.0,Central,warm,0.6,severe weather,1320,127,127000.0
364,7.0,2011.0,Central,normal,-0.3,severe weather,1830,,169000.0
365,7.0,2012.0,Central,normal,0.1,severe weather,3000,,320000.0
366,,2000.0,Central,,,severe weather,,,11000.0
367,7.0,2012.0,Central,normal,0.1,severe weather,870,,330000.0
368,5.0,2008.0,Central,cold,-0.7,severe weather,810,,109000.0
369,6.0,2013.0,Central,normal,-0.2,severe weather,1336,,283451.0
370,6.0,2011.0,Central,normal,-0.3,severe weather,1695,,300000.0
371,7.0,2003.0,Central,normal,0.1,severe weather,360,,72000.0
372,8.0,2013.0,Central,normal,-0.3,severe weather,360,,157000.0
373,4.0,2011.0,Central,cold,-0.5,severe weather,120,,80000.0
374,8.0,2008.0,Central,normal,-0.3,severe weather,3000,,653000.0
375,8.0,2011.0,Central,cold,-0.6,severe weather,1290,,71500.0
376,7.0,2004.0,Central,warm,0.5,severe weather,1530,200,200000.0
377,3.0,2006.0,Central,normal,-0.4,severe weather,2370,200,65400.0
378,12.0,2007.0,Central,cold,-1.3,severe weather,1200,,237000.0
379,7.0,2007.0,Central,normal,-0.4,severe weather,1200,300,135000.0
380,8.0,2015.0,Central,warm,1.4,severe weather,90,,115000.0
381,11.0,2003.0,Central,normal,0.3,severe weather,120,371,51000.0
382,8.0,2000.0,Central,cold,-0.5,severe weather,1200,,239567.0
383,1.0,2014.0,Central,cold,-0.5,fuel supply emergency,2761,,
384,6.0,2008.0,Central,cold,-0.5,severe weather,720,,165000.0
385,8.0,2012.0,Central,normal,0.3,severe weather,1120,,325000.0
386,10.0,2010.0,Central,cold,-1.5,severe weather,2100,,127000.0
387,7.0,2003.0,Central,normal,0.1,severe weather,960,80,130000.0
388,6.0,2011.0,Central,normal,-0.3,severe weather,450,,169000.0
389,7.0,2006.0,Central,normal,0.1,severe weather,1440,,170519.0
390,2.0,2011.0,Central,cold,-1,severe weather,1020,,190000.0
391,7.0,2011.0,Central,normal,-0.3,severe weather,0,,500000.0
392,6.0,2008.0,Central,cold,-0.5,severe weather,2010,,125000.0
393,7.0,2011.0,Central,normal,-0.3,public appeal,120,,
394,5.0,2009.0,Central,normal,0.2,severe weather,9230,300,68800.0
395,2.0,2012.0,Northwest,cold,-0.5,intentional attack,1240,,
396,12.0,2011.0,Northwest,cold,-0.9,intentional attack,465,,
397,2.0,2012.0,Northwest,cold,-0.5,intentional attack,0,,
398,12.0,2010.0,Northwest,cold,-1.4,severe weather,2460,184,92090.0
399,1.0,2014.0,Northwest,cold,-0.5,intentional attack,1183,,
400,8.0,2015.0,Northwest,warm,1.4,severe weather,8880,250,250000.0
401,8.0,2011.0,Northwest,cold,-0.6,intentional attack,394,,
402,4.0,2012.0,Northwest,normal,-0.4,intentional attack,219,,
403,4.0,2012.0,Northwest,normal,-0.4,intentional attack,487,,
404,5.0,2015.0,Northwest,warm,0.8,islanding,19,275,
405,12.0,2012.0,Northwest,normal,-0.2,intentional attack,28,0,0.0
406,6.0,2011.0,Northwest,normal,-0.3,intentional attack,0,,
407,10.0,2012.0,Northwest,normal,0.3,intentional attack,1,0,0.0
408,1.0,2004.0,Northwest,normal,0.3,severe weather,5340,150,145000.0
409,11.0,2006.0,Northwest,warm,0.9,severe weather,8940,180,63992.0
410,9.0,2011.0,Northwest,cold,-0.8,intentional attack,467,,
411,12.0,2011.0,Northwest,cold,-0.9,intentional attack,0,,
412,1.0,2012.0,Northwest,cold,-0.7,severe weather,1920,1600,426000.0
413,3.0,2012.0,Northwest,normal,-0.4,intentional attack,0,,
414,7.0,2015.0,Northwest,warm,1.2,system operability disruption,25,200,
415,12.0,2015.0,Northwest,warm,2.3,severe weather,420,115,76300.0
416,1.0,2007.0,Northwest,warm,0.7,severe weather,2040,260,110433.0
417,3.0,2012.0,Northwest,normal,-0.4,intentional attack,0,,
418,7.0,2016.0,Northwest,normal,-0.3,intentional attack,1,0,0.0
419,9.0,2011.0,Northwest,cold,-0.8,intentional attack,1423,,
420,11.0,2011.0,Northwest,cold,-1,intentional attack,60,0,0.0
421,12.0,2011.0,Northwest,cold,-0.9,intentional attack,1620,,
422,11.0,2013.0,Northwest,normal,-0.3,severe weather,3300,,105000.0
423,8.0,2011.0,Northwest,cold,-0.6,intentional attack,385,,
424,3.0,2015.0,Northwest,warm,0.6,intentional attack,663,,
425,4.0,2011.0,Northwest,cold,-0.5,intentional attack,123,0,0.0
426,9.0,2011.0,Northwest,cold,-0.8,intentional attack,1276,,
427,3.0,2016.0,Northwest,warm,1.6,intentional attack,1919,0,0.0
428,3.0,2016.0,Northwest,warm,1.6,intentional attack,,0,0.0
429,7.0,2011.0,Northwest,normal,-0.3,intentional attack,440,,
430,2.0,2006.0,Northwest,cold,-0.6,severe weather,6690,,140000.0
431,3.0,2016.0,Northwest,warm,1.6,severe weather,,,56000.0
432,7.0,2011.0,Northwest,normal,-0.3,intentional attack,0,,
433,8.0,2015.0,Northwest,warm,1.4,severe weather,,,500000.0
434,2.0,2012.0,Northwest,cold,-0.5,intentional attack,717,0,0.0
435,4.0,2009.0,Northwest,normal,-0.1,equipment failure,1204,244,93300.0
436,4.0,2012.0,Northwest,normal,-0.4,intentional attack,292,0,0.0
437,4.0,2016.0,Northwest,warm,1.1,intentional attack,313,0,0.0
438,7.0,2013.0,Northwest,normal,-0.3,intentional attack,1,,
439,12.0,2012.0,Northwest,normal,-0.2,intentional attack,5,0,0.0
440,10.0,2007.0,Northwest,cold,-1.1,severe weather,6276,,160000.0
441,2.0,2011.0,Northwest,cold,-1,intentional attack,0,0,0.0
442,1.0,2013.0,Northwest,normal,-0.4,intentional attack,74,,
443,1.0,2012.0,Northwest,cold,-0.7,intentional attack,0,,
444,11.0,2015.0,Northwest,warm,2.2,severe weather,,900,89000.0
445,8.0,2008.0,Northwest,normal,-0.3,public appeal,248,100,8000.0
446,7.0,2011.0,Northwest,normal,-0.3,intentional attack,1,,
447,11.0,2010.0,Northwest,cold,-1.4,severe weather,2700,420,123535.0
448,2.0,2012.0,Northwest,cold,-0.5,intentional attack,25,,
449,2.0,2011.0,Northwest,cold,-1,intentional attack,126,0,0.0
450,8.0,2013.0,Northwest,normal,-0.3,intentional attack,1,,
451,8.0,2012.0,Northwest,normal,0.3,intentional attack,255,,
452,9.0,2011.0,Northwest,cold,-0.8,intentional attack,1207,,
453,6.0,2011.0,Northwest,normal,-0.3,intentional attack,0,0,0.0
454,6.0,2011.0,Northwest,normal,-0.3,intentional attack,0,,
455,9.0,2011.0,Northwest,cold,-0.8,intentional attack,245,,
456,10.0,2011.0,Northwest,cold,-0.9,intentional attack,476,,
457,3.0,2016.0,Northwest,warm,1.6,intentional attack,,0,0.0
458,11.0,2015.0,Northwest,warm,2.2,severe weather,,,300000.0
459,7.0,2015.0,Northwest,warm,1.2,islanding,,9,
460,7.0,2012.0,Northwest,normal,0.1,intentional attack,1,,
461,12.0,2006.0,Northwest,warm,0.9,severe weather,2639,750,175000.0
462,4.0,2012.0,Northwest,normal,-0.4,intentional attack,502,,
463,6.0,2014.0,Northwest,normal,0,intentional attack,548,,
464,8.0,2011.0,Northwest,cold,-0.6,intentional attack,369,,
465,12.0,2003.0,Northwest,normal,0.3,severe weather,6480,175,200000.0
466,5.0,2012.0,Northwest,normal,-0.3,intentional attack,15,,
467,7.0,2013.0,Northwest,normal,-0.3,intentional attack,5,,
468,5.0,2016.0,Northwest,warm,0.6,islanding,,,
469,12.0,2011.0,Northwest,cold,-0.9,intentional attack,1,,
470,1.0,2012.0,Northwest,cold,-0.7,intentional attack,0,,
471,12.0,2011.0,Northwest,cold,-0.9,intentional attack,432,,
472,6.0,2015.0,Northwest,warm,1,islanding,21,0,0.0
473,9.0,2011.0,Northwest,cold,-0.8,intentional attack,1697,,
474,6.0,2011.0,Northwest,normal,-0.3,intentional attack,0,0,0.0
475,4.0,2012.0,Northwest,normal,-0.4,intentional attack,2615,,
476,12.0,2006.0,Northwest,warm,0.9,severe weather,9630,360,172060.0
477,2.0,2006.0,Northwest,cold,-0.6,severe weather,3507,150,123827.0
478,12.0,2006.0,Northwest,warm,0.9,severe weather,2820,280,75000.0
479,7.0,2011.0,Northwest,normal,-0.3,intentional attack,314,,
480,11.0,2006.0,Northwest,warm,0.9,severe weather,5855,50,50000.0
481,6.0,2011.0,Northwest,normal,-0.3,intentional attack,0,0,0.0
482,1.0,2012.0,Northwest,cold,-0.7,intentional attack,0,,
483,3.0,2014.0,Northwest,normal,-0.4,fuel supply emergency,1,630,
484,12.0,2006.0,Northwest,warm,0.9,severe weather,22769,,700000.0
485,5.0,2012.0,Northwest,normal,-0.3,intentional attack,70,,
486,4.0,2004.0,Northwest,normal,0.1,severe weather,4285,300,187000.0
487,8.0,2011.0,Northwest,cold,-0.6,intentional attack,355,,
488,1.0,2012.0,Northwest,cold,-0.7,intentional attack,0,,
489,8.0,2015.0,Northwest,warm,1.4,severe weather,2520,1200,64000.0
490,1.0,2012.0,Northwest,cold,-0.7,intentional attack,0,,
491,5.0,2013.0,Northwest,normal,-0.2,islanding,180,,
492,6.0,2011.0,Southwest,normal,-0.3,system operability disruption,554,5299,160000.0
493,2.0,2015.0,Southwest,warm,0.5,intentional attack,50,,
494,2.0,2015.0,Southwest,warm,0.5,intentional attack,70,,
495,12.0,2013.0,Southwest,normal,-0.3,intentional attack,180,,
496,7.0,2013.0,Southwest,normal,-0.3,intentional attack,3842,455,
497,7.0,2003.0,Southwest,normal,0.1,equipment failure,35,1000,47000.0
498,10.0,2013.0,Southwest,normal,-0.3,intentional attack,1,,
499,8.0,2013.0,Southwest,normal,-0.3,intentional attack,189,,
500,7.0,2004.0,Southwest,warm,0.5,severe weather,49320,,
501,12.0,2009.0,Southwest,warm,1.3,severe weather,4200,,140000.0
502,5.0,2014.0,Southwest,normal,-0.1,intentional attack,353,,
503,1.0,2014.0,Southwest,cold,-0.5,intentional attack,1,,
504,1.0,2014.0,Southwest,cold,-0.5,intentional attack,87,,
505,6.0,2000.0,Southwest,cold,-0.7,severe weather,66,138,40911.0
506,4.0,2002.0,Southwest,normal,0.2,intentional attack,,0,0.0
507,6.0,2014.0,Southwest,normal,0,intentional attack,1,,
508,2.0,2016.0,Southwest,warm,2,intentional attack,227,2,2713.0
509,1.0,2014.0,Southwest,cold,-0.5,intentional attack,,,
510,12.0,2013.0,Southwest,normal,-0.3,intentional attack,1440,,
511,4.0,2011.0,Southwest,cold,-0.5,equipment failure,1,960,
512,12.0,2013.0,Southwest,normal,-0.3,intentional attack,2700,,
513,5.0,2000.0,Southwest,cold,-0.7,intentional attack,,,
514,7.0,2004.0,Southwest,warm,0.5,severe weather,49320,,
515,2.0,2015.0,Southwest,warm,0.5,intentional attack,2,,
516,2.0,2011.0,Southwest,cold,-1,system operability disruption,215,3963,69000.0
517,3.0,2014.0,Southwest,normal,-0.4,intentional attack,451,,
518,6.0,2004.0,Southwest,normal,0.3,equipment failure,418,200,30000.0
519,7.0,2003.0,Southwest,normal,0.1,equipment failure,100,440,90000.0
520,6.0,2012.0,Northeast,normal,-0.1,severe weather,2021,354,60000.0
521,1.0,2004.0,Northeast,normal,0.3,severe weather,1671,300,70000.0
522,2.0,2006.0,Northeast,cold,-0.6,severe weather,3938,300,60000.0
523,6.0,2008.0,Northeast,cold,-0.5,severe weather,4470,,108000.0
524,12.0,2004.0,Northeast,warm,0.7,severe weather,2279,270,122000.0
525,2.0,2006.0,Northeast,cold,-0.6,severe weather,4440,500,180000.0
526,7.0,2005.0,Northeast,normal,0,severe weather,2760,,87600.0
527,1.0,2013.0,Northeast,normal,-0.4,intentional attack,0,,
528,10.0,2012.0,Northeast,normal,0.3,intentional attack,1,0,0.0
529,2.0,2011.0,Northeast,cold,-1,intentional attack,0,,0.0
530,10.0,2012.0,Northeast,normal,0.3,intentional attack,1,0,0.0
531,1.0,2014.0,Northeast,cold,-0.5,severe weather,1840,,
532,10.0,2011.0,Northeast,cold,-0.9,intentional attack,428,0,0.0
533,3.0,2012.0,Northeast,normal,-0.4,intentional attack,331,,
534,8.0,2011.0,Northeast,cold,-0.6,severe weather,1980,,108000.0
535,10.0,2012.0,Northeast,normal,0.3,intentional attack,1,,
536,3.0,2013.0,Northeast,normal,-0.3,intentional attack,1,,
537,11.0,2003.0,Northeast,normal,0.3,severe weather,1950,400,104195.0
538,2.0,2011.0,Northeast,cold,-1,severe weather,3037,,93000.0
539,11.0,2012.0,Northeast,normal,0.1,intentional attack,1,0,0.0
540,2.0,2013.0,Northeast,normal,-0.4,intentional attack,1,,
541,1.0,2014.0,Northeast,cold,-0.5,severe weather,1196,,
542,7.0,2005.0,Northeast,normal,0,severe weather,5628,,55118.0
543,9.0,2012.0,Northeast,normal,0.3,intentional attack,1440,0,0.0
544,7.0,2010.0,Northeast,cold,-0.9,severe weather,7700,,297700.0
545,10.0,2012.0,Northeast,normal,0.3,intentional attack,2,0,0.0
546,9.0,2003.0,Northeast,normal,0.2,severe weather,12890,2000,650000.0
547,1.0,2011.0,Northeast,cold,-1.3,severe weather,4232,,234326.0
548,6.0,2013.0,Northeast,normal,-0.2,intentional attack,95,,
549,6.0,2006.0,Northeast,normal,0,severe weather,2610,335,70000.0
550,6.0,2012.0,Northeast,normal,-0.1,severe weather,4320,,86390.0
551,5.0,2011.0,Northeast,normal,-0.4,intentional attack,17,0,0.0
552,3.0,2013.0,Northeast,normal,-0.3,intentional attack,113,,
553,2.0,2013.0,Northeast,normal,-0.4,intentional attack,0,1,1.0
554,10.0,2012.0,Northeast,normal,0.3,severe weather,2507,,219000.0
555,2.0,2013.0,Northeast,normal,-0.4,intentional attack,0,1,1.0
556,2.0,2014.0,Northeast,cold,-0.5,severe weather,1,800,181000.0
557,11.0,2003.0,Northeast,normal,0.3,severe weather,4920,375,110000.0
558,10.0,2012.0,Northeast,normal,0.3,intentional attack,1,0,0.0
559,8.0,2003.0,Northeast,normal,0.2,severe weather,4080,625,133000.0
560,6.0,2012.0,Northeast,normal,-0.1,intentional attack,0,0,0.0
561,6.0,2013.0,Northeast,normal,-0.2,intentional attack,960,,
562,9.0,2012.0,Northeast,normal,0.3,severe weather,185,,65000.0
563,6.0,2008.0,Northeast,cold,-0.5,severe weather,1320,,249408.0
564,4.0,2016.0,Northeast,warm,1.1,intentional attack,1673,0,0.0
565,6.0,2009.0,Northeast,normal,0.4,severe weather,2855,60,85091.0
566,4.0,2007.0,Northeast,normal,-0.1,severe weather,3060,160,138000.0
567,3.0,2011.0,Northeast,cold,-0.7,intentional attack,565,,
568,10.0,2012.0,Northeast,normal,0.3,intentional attack,1,0,0.0
569,10.0,2012.0,Northeast,normal,0.3,intentional attack,1,0,0.0
570,8.0,2003.0,Northeast,normal,0.2,severe weather,7298,1500,153000.0
571,2.0,2007.0,Northeast,normal,0.4,severe weather,5790,400,155183.0
572,7.0,2010.0,Northeast,cold,-0.9,severe weather,3040,480,124000.0
573,8.0,2011.0,Northeast,cold,-0.6,severe weather,11700,1114,760113.0
574,6.0,2012.0,Northeast,normal,-0.1,severe weather,7987,1465,600000.0
575,4.0,2015.0,Northeast,warm,0.7,system operability disruption,304,,
576,7.0,2005.0,Northeast,normal,0,severe weather,4517,,64943.0
577,1.0,2013.0,Northeast,normal,-0.4,intentional attack,0,,
578,7.0,2006.0,Northeast,normal,0.1,severe weather,3058,,167564.0
579,10.0,2011.0,Northeast,cold,-0.9,severe weather,13381,,50000.0
580,4.0,2010.0,Northeast,warm,0.5,severe weather,2865,15,120000.0
581,5.0,2011.0,Northeast,normal,-0.4,intentional attack,152,630,
582,9.0,2013.0,Northeast,normal,-0.2,system operability disruption,380,105,
583,2.0,2010.0,Northeast,warm,1.2,severe weather,9450,,57000.0
584,10.0,2011.0,Northeast,cold,-0.9,severe weather,7803,,146721.0
585,6.0,2008.0,Northeast,cold,-0.5,severe weather,5579,,198000.0
586,10.0,2012.0,Northeast,normal,0.3,severe weather,8979,,400000.0
587,9.0,2006.0,Northeast,warm,0.5,severe weather,4800,,146094.0
588,6.0,2006.0,Northeast,normal,0,severe weather,3060,,111555.0
589,9.0,2010.0,Northeast,cold,-1.4,severe weather,4792,156,52000.0
590,7.0,2012.0,Northeast,normal,0.1,severe weather,3894,,64500.0
591,6.0,2005.0,Northeast,normal,0.2,severe weather,1757,,143000.0
592,8.0,2011.0,Northeast,cold,-0.6,severe weather,2880,,200717.0
593,1.0,2006.0,Northeast,cold,-0.7,severe weather,2985,,142315.0
594,1.0,2016.0,Northeast,warm,2.2,intentional attack,164,0,0.0
595,9.0,2010.0,Northeast,cold,-1.4,severe weather,3232,389,82861.0
596,12.0,2004.0,Northeast,warm,0.7,severe weather,2319,,105312.0
597,7.0,2003.0,Northeast,normal,0.1,severe weather,4338,750,185000.0
598,10.0,2011.0,Northeast,cold,-0.9,severe weather,2880,,109335.0
599,7.0,2005.0,Northeast,normal,0,severe weather,1714,,93837.0
600,6.0,2015.0,Northeast,warm,1,severe weather,90,,200000.0
601,1.0,2014.0,Northeast,cold,-0.5,severe weather,59,200,62000.0
602,2.0,2011.0,Northeast,cold,-1,severe weather,4139,,213000.0
603,10.0,2012.0,Northeast,normal,0.3,severe weather,10530,,850000.0
604,9.0,2008.0,Northeast,normal,-0.3,severe weather,6938,72,124596.0
605,2.0,2011.0,Northeast,cold,-1,severe weather,930,,118000.0
606,7.0,2016.0,Northeast,normal,-0.3,system operability disruption,278,87,
607,9.0,2008.0,Northeast,normal,-0.3,severe weather,299,600,105000.0
608,3.0,2010.0,Northeast,warm,0.9,severe weather,5320,,177528.0
609,8.0,2011.0,Northeast,cold,-0.6,severe weather,2880,,264000.0
610,2.0,2014.0,Northeast,cold,-0.5,severe weather,1,,715000.0
611,7.0,2011.0,Northeast,normal,-0.3,intentional attack,4260,,
612,9.0,2008.0,Northeast,normal,-0.3,severe weather,6713,546,160875.0
613,2.0,2009.0,Northeast,cold,-0.6,severe weather,5160,130,132000.0
614,7.0,2012.0,Northeast,normal,0.1,severe weather,1440,,65112.0
615,8.0,2007.0,Northeast,cold,-0.6,severe weather,78,90,55000.0
616,7.0,2006.0,Northeast,normal,0.1,severe weather,7523,,492955.0
617,2.0,2014.0,Northeast,cold,-0.5,severe weather,2668,,62159.0
618,1.0,2014.0,Northeast,cold,-0.5,severe weather,1,,
619,7.0,2010.0,Northeast,cold,-0.9,equipment failure,376,,43903.0
620,5.0,2011.0,Northeast,normal,-0.4,severe weather,1324,150,120001.0
621,2.0,2014.0,Northeast,cold,-0.5,severe weather,6940,,144000.0
622,3.0,2008.0,Northeast,cold,-1.1,severe weather,2684,,168449.0
623,1.0,2014.0,Northeast,cold,-0.5,severe weather,54,,
624,10.0,2011.0,Northeast,cold,-0.9,intentional attack,100,0,0.0
625,12.0,2002.0,Northeast,warm,1.1,severe weather,720,250,106000.0
626,8.0,2011.0,Northeast,cold,-0.6,severe weather,2880,110,284000.0
627,7.0,2012.0,Northeast,normal,0.1,severe weather,3189,,65000.0
628,12.0,2002.0,Northeast,warm,1.1,severe weather,2790,,95630.0
629,10.0,2011.0,Northeast,cold,-0.9,severe weather,13679,,312359.0
630,10.0,2011.0,Northeast,cold,-0.9,intentional attack,2843,0,0.0
631,10.0,2012.0,Northeast,normal,0.3,severe weather,13488,,270000.0
632,10.0,2015.0,Northeast,warm,2,intentional attack,1642,,35000.0
633,6.0,2010.0,Northeast,normal,-0.4,severe weather,7709,,355000.0
634,2.0,2010.0,Northeast,warm,1.2,severe weather,7080,,223000.0
635,7.0,2011.0,Central,normal,-0.3,fuel supply emergency,1440,,
636,1.0,2014.0,Central,cold,-0.5,severe weather,1,,
637,2.0,2009.0,Central,cold,-0.6,severe weather,1680,,78000.0
638,8.0,2011.0,Central,cold,-0.6,severe weather,1579,,181700.0
639,5.0,2009.0,Central,normal,0.2,equipment failure,652,342,
640,6.0,2015.0,Central,warm,1,intentional attack,108,2,110.0
641,9.0,2008.0,Central,normal,-0.3,severe weather,300,,375000.0
642,2.0,2008.0,Central,cold,-1.3,severe weather,1020,,76000.0
643,1.0,2009.0,Central,cold,-0.7,severe weather,3570,,383000.0
644,1.0,2009.0,Central,cold,-0.7,severe weather,6492,600,190000.0
645,2.0,2008.0,Central,cold,-1.3,fuel supply emergency,23700,,0.0
646,9.0,2008.0,Central,normal,-0.3,severe weather,10499,70,18000.0
647,1.0,2009.0,Central,cold,-0.7,severe weather,15180,21,3500.0
648,10.0,2011.0,Southwest,cold,-0.9,intentional attack,0,0,0.0
649,10.0,2015.0,Southwest,warm,2,intentional attack,120,0,0.0
650,5.0,2014.0,Southwest,normal,-0.1,intentional attack,1,,
651,11.0,2013.0,Southwest,normal,-0.3,intentional attack,1,,
652,11.0,2013.0,Southwest,normal,-0.3,intentional attack,1,,
653,12.0,2013.0,Southwest,normal,-0.3,intentional attack,1,,
654,1.0,2014.0,Southwest,cold,-0.5,intentional attack,1,,
655,4.0,2015.0,Southwest,warm,0.7,intentional attack,1,,37.0
656,1.0,2016.0,Southwest,warm,2.2,intentional attack,60,0,0.0
657,4.0,2015.0,Southwest,warm,0.7,intentional attack,113,6,5763.0
658,5.0,2016.0,Southwest,warm,0.6,system operability disruption,204,461,85179.0
659,10.0,2015.0,Southwest,warm,2,intentional attack,31,0,0.0
660,7.0,2011.0,Southwest,normal,-0.3,intentional attack,57,0,0.0
661,1.0,2014.0,Southwest,cold,-0.5,intentional attack,13,,
662,12.0,2013.0,Southwest,normal,-0.3,intentional attack,2,,
663,4.0,2011.0,Southwest,cold,-0.5,intentional attack,11,0,0.0
664,7.0,2007.0,Southwest,normal,-0.4,severe weather,283,306,
665,5.0,2011.0,Southwest,normal,-0.4,intentional attack,0,0,0.0
666,11.0,2013.0,Southwest,normal,-0.3,intentional attack,1,,
667,2.0,2008.0,Southwest,cold,-1.3,system operability disruption,871,2818,74031.0
668,12.0,2011.0,Southwest,cold,-0.9,severe weather,1631,,60000.0
669,4.0,2011.0,Southwest,cold,-0.5,intentional attack,56,0,0.0
670,6.0,2016.0,Southwest,normal,0.1,intentional attack,15,0,0.0
671,2.0,2011.0,Southwest,cold,-1,intentional attack,15,0,0.0
672,2.0,2015.0,Southwest,warm,0.5,intentional attack,20,,
673,4.0,2016.0,Southwest,warm,1.1,intentional attack,60,0,0.0
674,3.0,2014.0,Southwest,normal,-0.4,intentional attack,1,,
675,8.0,2011.0,Southwest,cold,-0.6,intentional attack,95,0,0.0
676,9.0,2011.0,Southwest,cold,-0.8,intentional attack,300,0,0.0
677,3.0,2014.0,Southwest,normal,-0.4,intentional attack,1,,
678,3.0,2011.0,Southwest,cold,-0.7,intentional attack,3186,,0.0
679,4.0,2011.0,Southwest,cold,-0.5,intentional attack,575,0,0.0
680,7.0,2010.0,Southwest,cold,-0.9,public appeal,2275,,
681,7.0,2009.0,Southwest,warm,0.5,equipment failure,15,316,
682,5.0,2014.0,Southwest,normal,-0.1,intentional attack,1,,
683,7.0,2013.0,Southwest,normal,-0.3,intentional attack,44,,
684,2.0,2016.0,Southwest,warm,2,intentional attack,21,0,0.0
685,11.0,2013.0,Southwest,normal,-0.3,intentional attack,1,,
686,5.0,2011.0,Southwest,normal,-0.4,intentional attack,114,0,0.0
687,5.0,2015.0,Southwest,warm,0.8,intentional attack,1,,
688,8.0,2013.0,Southwest,normal,-0.3,intentional attack,60,,
689,5.0,2004.0,Central,normal,0.2,severe weather,4920,392,281000.0
690,6.0,2000.0,Central,cold,-0.7,equipment failure,,294,
691,5.0,2004.0,Central,normal,0.2,severe weather,4920,177,127000.0
692,8.0,2006.0,Central,normal,0.3,severe weather,420,,
693,8.0,2011.0,Central,cold,-0.6,intentional attack,0,0,0.0
694,11.0,2015.0,Central,warm,2.2,intentional attack,7,0,0.0
695,5.0,2012.0,Central,normal,-0.3,severe weather,21,420,
696,3.0,2011.0,Central,cold,-0.7,intentional attack,340,,
697,9.0,2008.0,Central,normal,-0.3,severe weather,4200,1000,95000.0
698,1.0,2008.0,Central,cold,-1.4,severe weather,805,380,45000.0
699,7.0,2003.0,Central,normal,0.1,severe weather,5040,11000,134500.0
700,6.0,2012.0,Central,normal,-0.1,severe weather,7430,500,175000.0
701,8.0,2011.0,Central,cold,-0.6,severe weather,5490,,107833.0
702,7.0,2012.0,Central,normal,0.1,severe weather,165,,67000.0
703,2.0,2009.0,Central,cold,-0.6,severe weather,3630,168,184000.0
704,1.0,2005.0,Central,warm,0.7,severe weather,11640,250,246990.0
705,7.0,2013.0,Central,normal,-0.3,severe weather,1590,,122314.0
706,8.0,2003.0,Central,normal,0.2,system operability disruption,3137,7000,1203000.0
707,12.0,2011.0,Central,cold,-0.9,intentional attack,1440,,0.0
708,4.0,2005.0,Central,warm,0.5,severe weather,7920,,211000.0
709,7.0,2011.0,Central,normal,-0.3,intentional attack,360,,0.0
710,1.0,2014.0,Central,cold,-0.5,intentional attack,0,,
711,1.0,2003.0,Central,warm,0.9,intentional attack,1440,,
712,7.0,2012.0,Central,normal,0.1,severe weather,1372,,57054.0
713,4.0,2005.0,Central,warm,0.5,severe weather,6480,,150000.0
714,7.0,2008.0,Central,normal,-0.4,severe weather,2190,,56000.0
715,5.0,2012.0,Central,normal,-0.3,intentional attack,285,0,0.0
716,2.0,2013.0,Central,normal,-0.4,intentional attack,75,,0.0
717,6.0,2010.0,Central,normal,-0.4,severe weather,1843,400,50636.0
718,9.0,2011.0,Central,cold,-0.8,intentional attack,1,,0.0
719,9.0,2008.0,Central,normal,-0.3,severe weather,11531,469,564728.0
720,12.0,2006.0,Central,warm,0.9,severe weather,1420,,59106.0
721,7.0,2011.0,Central,normal,-0.3,intentional attack,0,0,0.0
722,2.0,2009.0,Central,cold,-0.6,severe weather,930,168,184000.0
723,9.0,2008.0,Central,normal,-0.3,severe weather,11420,430,245164.0
724,10.0,2011.0,Central,cold,-0.9,intentional attack,0,7,2000.0
725,7.0,2011.0,Central,normal,-0.3,system operability disruption,352,206,23000.0
726,8.0,2011.0,Central,cold,-0.6,intentional attack,0,0,0.0
727,6.0,2011.0,Central,normal,-0.3,severe weather,960,,52747.0
728,12.0,2009.0,Central,warm,1.3,severe weather,1733,,48102.0
729,4.0,2011.0,Central,cold,-0.5,severe weather,3690,,86000.0
730,10.0,2012.0,Central,normal,0.3,severe weather,10619,,346000.0
731,1.0,2014.0,Central,cold,-0.5,intentional attack,634,,
732,5.0,2000.0,Southeast,cold,-0.7,severe weather,11280,475,100000.0
733,9.0,2005.0,Southeast,normal,0,severe weather,1440,215,60000.0
734,6.0,2006.0,Southeast,normal,0,severe weather,180,70,72000.0
735,4.0,2011.0,Southeast,cold,-0.5,severe weather,1574,,220000.0
736,1.0,2013.0,Southeast,normal,-0.4,system operability disruption,45,40,12000.0
737,2.0,2012.0,Southeast,cold,-0.5,intentional attack,563,,
738,6.0,2011.0,Southeast,normal,-0.3,severe weather,388,300,70135.0
739,7.0,2012.0,Southeast,normal,0.1,severe weather,373,48,6100.0
740,2.0,2014.0,Southeast,cold,-0.5,severe weather,4510,,200000.0
741,12.0,2012.0,Southeast,normal,-0.2,severe weather,290,3,1200.0
742,2.0,2015.0,Southeast,warm,0.5,severe weather,1950,400,103776.0
743,7.0,2012.0,Southeast,normal,0.1,severe weather,270,,69106.0
744,7.0,2016.0,Southeast,normal,-0.3,severe weather,1355,600,203345.0
745,2.0,2008.0,Southeast,cold,-1.3,severe weather,1318,300,50718.0
746,8.0,2000.0,Southeast,cold,-0.5,severe weather,2490,500,130000.0
747,1.0,2014.0,Southeast,cold,-0.5,severe weather,1265,,
748,8.0,2011.0,Southeast,cold,-0.6,system operability disruption,195,2,1200.0
749,5.0,2014.0,Southeast,normal,-0.1,intentional attack,3120,,
750,2.0,2003.0,Southeast,warm,0.7,severe weather,3388,1000,340000.0
751,5.0,2011.0,Southeast,normal,-0.4,severe weather,1025,300,71000.0
752,9.0,2006.0,Southeast,warm,0.5,severe weather,990,,61000.0
753,3.0,2005.0,Southeast,warm,0.5,severe weather,240,180,51600.0
754,6.0,2013.0,Southeast,normal,-0.2,severe weather,1485,,53000.0
755,12.0,2012.0,Southeast,normal,-0.2,system operability disruption,129,40,12000.0
756,4.0,2010.0,Southeast,warm,0.5,system operability disruption,0,,29376.0
757,9.0,2003.0,Southeast,normal,0.2,severe weather,1528,600,50000.0
758,9.0,2004.0,Southeast,warm,0.7,severe weather,1890,400,112000.0
759,8.0,2011.0,Southeast,cold,-0.6,severe weather,2551,200,136000.0
760,3.0,2014.0,Southeast,normal,-0.4,severe weather,985,250,61377.0
761,10.0,2013.0,Southeast,normal,-0.3,intentional attack,405,0,0.0
762,6.0,2013.0,Southeast,normal,-0.2,severe weather,1698,1000,175000.0
763,7.0,2016.0,Southeast,normal,-0.3,intentional attack,167,0,0.0
764,12.0,2009.0,Southeast,warm,1.3,severe weather,1460,,47000.0
765,1.0,2014.0,Southeast,cold,-0.5,severe weather,182,14435,
766,8.0,2011.0,Southeast,cold,-0.6,severe weather,4113,,285465.0
767,,2000.0,Southeast,,,severe weather,,175,50000.0
768,9.0,2008.0,Southeast,normal,-0.3,severe weather,885,,57000.0
769,9.0,2003.0,Southeast,normal,0.2,severe weather,15,1655,320000.0
770,6.0,2010.0,Southeast,normal,-0.4,system operability disruption,42,,4196.0
771,3.0,2014.0,Southeast,normal,-0.4,severe weather,1050,1500,370900.0
772,6.0,2016.0,Northeast,normal,0.1,intentional attack,1,0,0.0
773,6.0,2015.0,Northeast,warm,1,system operability disruption,132,198,156338.0
774,9.0,2006.0,Northeast,warm,0.5,severe weather,4140,400,100000.0
775,8.0,2011.0,Northeast,cold,-0.6,severe weather,2880,,650000.0
776,1.0,2014.0,Northeast,cold,-0.5,intentional attack,,,
777,10.0,2011.0,Northeast,cold,-0.9,severe weather,11430,125,197000.0
778,5.0,2008.0,Northeast,cold,-0.7,severe weather,3599,55,135000.0
779,10.0,2011.0,Northeast,cold,-0.9,intentional attack,0,0,0.0
780,7.0,2012.0,Northeast,normal,0.1,severe weather,2941,,95400.0
781,6.0,2015.0,Northeast,warm,1,severe weather,,90,73000.0
782,6.0,2008.0,Northeast,cold,-0.5,severe weather,6090,,248800.0
783,12.0,2008.0,Northeast,cold,-0.7,system operability disruption,1365,438,156729.0
784,9.0,2011.0,Northeast,cold,-0.8,intentional attack,375,0,0.0
785,8.0,2011.0,Northeast,cold,-0.6,severe weather,2520,320,140000.0
786,6.0,2015.0,Northeast,warm,1,severe weather,10080,,263000.0
787,1.0,2016.0,Northeast,warm,2.2,severe weather,76,,50900.0
788,9.0,2011.0,Northeast,cold,-0.8,intentional attack,0,0,0.0
789,2.0,2006.0,Northeast,cold,-0.6,severe weather,3720,80,130000.0
790,6.0,2008.0,Northeast,cold,-0.5,severe weather,333,215,75654.0
791,11.0,2011.0,Northeast,cold,-1,intentional attack,0,0,0.0
792,1.0,2014.0,Northeast,cold,-0.5,intentional attack,353,,
793,10.0,2012.0,Northeast,normal,0.3,severe weather,11337,,50000.0
794,10.0,2011.0,Northeast,cold,-0.9,intentional attack,0,0,0.0
795,9.0,2011.0,Northeast,cold,-0.8,intentional attack,0,0,0.0
796,6.0,2010.0,Northeast,normal,-0.4,severe weather,7020,,150000.0
797,6.0,2012.0,Northeast,normal,-0.1,severe weather,11058,,205000.0
798,1.0,2014.0,Northeast,cold,-0.5,intentional attack,,,
799,10.0,2012.0,Northeast,normal,0.3,severe weather,9360,,217000.0
800,3.0,2010.0,Northeast,warm,0.9,severe weather,3300,,180000.0
801,7.0,2011.0,Northeast,normal,-0.3,severe weather,3339,,67900.0
802,8.0,2011.0,Northeast,cold,-0.6,severe weather,2880,500,665000.0
803,2.0,2010.0,Northeast,warm,1.2,severe weather,11580,,221000.0
804,10.0,2012.0,Northeast,normal,0.3,severe weather,9600,,
805,10.0,2011.0,Northeast,cold,-0.9,severe weather,13201,,379000.0
806,3.0,2010.0,Northeast,warm,0.9,severe weather,9719,100,360000.0
807,8.0,2004.0,Southeast,warm,0.6,severe weather,488,450,125000.0
808,6.0,2011.0,Southeast,normal,-0.3,severe weather,2415,,50465.0
809,1.0,2014.0,Southeast,cold,-0.5,severe weather,180,4545,677858.0
810,2.0,2014.0,Southeast,cold,-0.5,severe weather,4177,700,120124.0
811,1.0,2000.0,Southeast,cold,-1.6,severe weather,7440,450,133000.0
812,1.0,2004.0,Southeast,normal,0.3,severe weather,3480,600,150000.0
813,1.0,2000.0,Southeast,cold,-1.6,severe weather,6600,300,81000.0
814,1.0,2014.0,Southeast,cold,-0.5,severe weather,300,4853,677858.0
815,3.0,2011.0,Northwest,cold,-0.7,severe weather,1526,,9000.0
816,12.0,2011.0,Northwest,cold,-0.9,intentional attack,60,12,2500.0
817,3.0,2015.0,Northwest,warm,0.6,severe weather,210,210,71000.0
818,4.0,2014.0,Northwest,normal,-0.2,intentional attack,2,,
819,8.0,2013.0,Northwest,normal,-0.3,intentional attack,1350,,
820,2.0,2016.0,Northwest,warm,2,intentional attack,73,0,0.0
821,1.0,2015.0,Northwest,warm,0.6,intentional attack,1,,
822,12.0,2008.0,Northwest,cold,-0.7,equipment failure,200,32,3.0
823,2.0,2012.0,Northwest,cold,-0.5,intentional attack,0,,
824,2.0,2016.0,Northwest,warm,2,intentional attack,,,
825,12.0,2006.0,Northwest,warm,0.9,severe weather,4380,,249500.0
826,8.0,2011.0,Northwest,cold,-0.6,intentional attack,0,,
827,2.0,2014.0,Northwest,cold,-0.5,intentional attack,120,,
828,7.0,2016.0,Northwest,normal,-0.3,intentional attack,2680,0,0.0
829,1.0,2014.0,Northwest,cold,-0.5,intentional attack,840,,
830,6.0,2013.0,Northwest,normal,-0.2,intentional attack,989,,
831,12.0,2006.0,Northwest,warm,0.9,severe weather,4313,,111000.0
832,5.0,2011.0,Northwest,normal,-0.4,intentional attack,214,0,0.0
833,8.0,2013.0,Northwest,normal,-0.3,intentional attack,4,,
834,8.0,2011.0,Northwest,cold,-0.6,intentional attack,164,0,0.0
835,1.0,2015.0,Northwest,warm,0.6,intentional attack,91,,
836,12.0,2006.0,Northwest,warm,0.9,severe weather,1050,350,84500.0
837,5.0,2013.0,Northwest,normal,-0.2,intentional attack,838,,
838,10.0,2015.0,Northwest,warm,2,intentional attack,60,0,0.0
839,2.0,2014.0,Northwest,cold,-0.5,intentional attack,1,,
840,9.0,2015.0,Northwest,warm,1.7,intentional attack,1,,
841,2.0,2010.0,Northeast,warm,1.2,severe weather,9886,,97651.0
842,8.0,2011.0,Northeast,cold,-0.6,severe weather,2425,,220000.0
843,8.0,2010.0,Northeast,cold,-1.2,severe weather,390,,76729.0
844,9.0,2003.0,Northeast,normal,0.2,severe weather,14500,,530000.0
845,1.0,2011.0,Northeast,cold,-1.3,severe weather,6660,,210000.0
846,2.0,2013.0,Northeast,normal,-0.4,equipment failure,159,140,52000.0
847,1.0,2014.0,Northeast,cold,-0.5,severe weather,54,,
848,6.0,2013.0,Northeast,normal,-0.2,severe weather,30,700,40000.0
849,6.0,2012.0,Northeast,normal,-0.1,severe weather,8077,3000,425000.0
850,8.0,2010.0,Northeast,cold,-1.2,severe weather,855,,101003.0
851,12.0,2015.0,Central,warm,2.3,system operability disruption,65,400,
852,5.0,2009.0,Central,normal,0.2,severe weather,810,266,83000.0
853,1.0,2009.0,Central,cold,-0.7,severe weather,4150,300,
854,1.0,2009.0,Central,cold,-0.7,severe weather,4740,200,62500.0
855,1.0,2014.0,Central,cold,-0.5,intentional attack,25,10,
856,8.0,2013.0,Central,normal,-0.3,intentional attack,0,,
857,12.0,2015.0,Central,warm,2.3,intentional attack,,0,0.0
858,8.0,2007.0,Central,cold,-0.6,severe weather,2070,,63000.0
859,12.0,2008.0,Central,cold,-0.7,severe weather,870,135,53000.0
860,5.0,2011.0,Central,normal,-0.4,severe weather,12652,200,20000.0
861,5.0,2011.0,Central,normal,-0.4,severe weather,2880,,70000.0
862,4.0,2011.0,Central,cold,-0.5,severe weather,120,,55000.0
863,5.0,2016.0,Central,warm,0.6,intentional attack,1199,0,0.0
864,5.0,2016.0,Central,warm,0.6,intentional attack,,0,0.0
865,5.0,2013.0,Central,normal,-0.2,severe weather,1470,,100000.0
866,2.0,2013.0,Central,normal,-0.4,severe weather,4140,,56444.0
867,1.0,2002.0,Central,normal,-0.2,severe weather,15420,210,95000.0
868,7.0,2010.0,Northeast,cold,-0.9,equipment failure,50,95,18400.0
869,1.0,2012.0,Northeast,cold,-0.7,intentional attack,0,0,0.0
870,5.0,2013.0,Northeast,normal,-0.2,intentional attack,1,,
871,11.0,2012.0,Northeast,normal,0.1,intentional attack,1,,
872,4.0,2011.0,Northeast,cold,-0.5,intentional attack,0,0,0.0
873,9.0,2011.0,Northeast,cold,-0.8,intentional attack,0,0,0.0
874,6.0,2012.0,Northeast,normal,-0.1,intentional attack,0,0,0.0
875,1.0,2011.0,Northeast,cold,-1.3,intentional attack,457,0,0.0
876,4.0,2012.0,Northeast,normal,-0.4,intentional attack,1,0,0.0
877,4.0,2013.0,Northeast,normal,-0.2,intentional attack,1,,
878,2.0,2011.0,Northeast,cold,-1,intentional attack,0,0,0.0
879,4.0,2014.0,Northeast,normal,-0.2,intentional attack,30,,
880,10.0,2012.0,Northeast,normal,0.3,intentional attack,1,0,0.0
881,3.0,2013.0,Northeast,normal,-0.3,intentional attack,1,,
882,2.0,2016.0,Northeast,warm,2,intentional attack,65,0,0.0
883,7.0,2012.0,Northeast,normal,0.1,intentional attack,1,,
884,3.0,2012.0,Northeast,normal,-0.4,intentional attack,0,0,0.0
885,9.0,2011.0,Northeast,cold,-0.8,intentional attack,0,0,0.0
886,9.0,2011.0,Northeast,cold,-0.8,intentional attack,0,0,0.0
887,8.0,2013.0,Northeast,normal,-0.3,intentional attack,1,,
888,,2000.0,Northeast,,,system operability disruption,,,
889,4.0,2012.0,Northeast,normal,-0.4,intentional attack,1,0,0.0
890,3.0,2012.0,Northeast,normal,-0.4,intentional attack,0,0,0.0
891,5.0,2013.0,Northeast,normal,-0.2,intentional attack,1,,
892,11.0,2012.0,Northeast,normal,0.1,intentional attack,1,,
893,8.0,2013.0,Northeast,normal,-0.3,intentional attack,110,,
894,10.0,2012.0,Northeast,normal,0.3,intentional attack,39,0,0.0
895,6.0,2016.0,Northeast,normal,0.1,intentional attack,1,0,0.0
896,11.0,2012.0,Northeast,normal,0.1,intentional attack,1,0,0.0
897,4.0,2013.0,Northeast,normal,-0.2,intentional attack,1,,
898,6.0,2013.0,Northeast,normal,-0.2,intentional attack,1,,
899,5.0,2013.0,Northeast,normal,-0.2,intentional attack,1,,
900,4.0,2012.0,Northeast,normal,-0.4,intentional attack,1,0,0.0
901,7.0,2016.0,Northeast,normal,-0.3,intentional attack,507,0,0.0
902,1.0,2016.0,Northeast,warm,2.2,intentional attack,213,0,0.0
903,6.0,2015.0,Northeast,warm,1,severe weather,4254,,65000.0
904,6.0,2013.0,Northeast,normal,-0.2,intentional attack,1,,
905,11.0,2013.0,Northeast,normal,-0.3,intentional attack,1,,
906,1.0,2014.0,Northeast,cold,-0.5,severe weather,53,,
907,1.0,2011.0,Northeast,cold,-1.3,intentional attack,0,0,0.0
908,1.0,2012.0,Northeast,cold,-0.7,intentional attack,0,0,0.0
909,3.0,2014.0,East North Central,normal,-0.4,intentional attack,251,,
910,2.0,2007.0,East North Central,normal,0.4,severe weather,347,400,140000.0
911,1.0,2013.0,East North Central,normal,-0.4,intentional attack,1637,,
912,3.0,2014.0,East North Central,normal,-0.4,intentional attack,21360,,
913,4.0,2012.0,East North Central,normal,-0.4,intentional attack,2161,0,0.0
914,3.0,2014.0,East North Central,normal,-0.4,intentional attack,2880,,
915,2.0,2007.0,East North Central,normal,0.4,severe weather,1044,750,215000.0
916,6.0,2008.0,East North Central,cold,-0.5,severe weather,8670,200,21000.0
917,3.0,2014.0,West North Central,normal,-0.4,islanding,56,,
918,6.0,2013.0,West North Central,normal,-0.2,intentional attack,93,,
919,6.0,2010.0,West North Central,normal,-0.4,islanding,13,,
920,4.0,2003.0,Northeast,normal,0,severe weather,2089,225,160000.0
921,10.0,2012.0,Northeast,normal,0.3,severe weather,20280,,632816.0
922,10.0,2012.0,Northeast,normal,0.3,severe weather,14639,,818000.0
923,8.0,2011.0,Northeast,cold,-0.6,severe weather,2880,,152261.0
924,5.0,2000.0,Northeast,cold,-0.7,system operability disruption,681,,
925,6.0,2001.0,Northeast,normal,-0.1,equipment failure,494,,
926,8.0,2011.0,Northeast,cold,-0.6,severe weather,1,,116000.0
927,10.0,2011.0,Northeast,cold,-0.9,severe weather,5355,,145000.0
928,5.0,2011.0,Northeast,normal,-0.4,intentional attack,0,,0.0
929,12.0,2013.0,Northeast,normal,-0.3,severe weather,3943,,59000.0
930,7.0,2007.0,Northeast,normal,-0.4,severe weather,3300,650,300000.0
931,5.0,2016.0,Northeast,warm,0.6,system operability disruption,191,82,56645.0
932,3.0,2014.0,Northeast,normal,-0.4,intentional attack,0,,
933,5.0,2016.0,Northeast,warm,0.6,intentional attack,73,0,0.0
934,1.0,2004.0,Northeast,normal,0.3,public appeal,4680,100,18600.0
935,7.0,2012.0,Northeast,normal,0.1,fuel supply emergency,17310,675,
936,8.0,2010.0,Northeast,cold,-1.2,fuel supply emergency,10080,,
937,12.0,2008.0,Northeast,cold,-0.7,severe weather,10726,200,190000.0
938,5.0,2013.0,Northeast,normal,-0.2,intentional attack,1,,
939,11.0,2015.0,Northeast,warm,2.2,intentional attack,5,,
940,5.0,2013.0,Northeast,normal,-0.2,severe weather,2515,,61795.0
941,2.0,2014.0,Northeast,cold,-0.5,fuel supply emergency,25920,300,
942,7.0,2013.0,Northeast,normal,-0.3,severe weather,2730,,74300.0
943,3.0,2010.0,Northeast,warm,0.9,severe weather,9480,,173000.0
944,12.0,2008.0,Northeast,cold,-0.7,severe weather,5400,,60000.0
945,5.0,2011.0,Northeast,normal,-0.4,intentional attack,30,0,0.0
946,1.0,2008.0,Northeast,cold,-1.4,severe weather,3584,50,54316.0
947,1.0,2011.0,Northeast,cold,-1.3,fuel supply emergency,3600,108,
948,3.0,2011.0,Northeast,cold,-0.7,fuel supply emergency,5850,675,
949,6.0,2008.0,Northeast,cold,-0.5,severe weather,4710,400,68000.0
950,3.0,2014.0,Northeast,normal,-0.4,intentional attack,1,,
951,8.0,2003.0,Northeast,normal,0.2,system operability disruption,1732,11202,3125350.0
952,1.0,2011.0,Northeast,cold,-1.3,equipment failure,0,0,0.0
953,8.0,2011.0,Northeast,cold,-0.6,fuel supply emergency,23040,675,
954,7.0,2013.0,Northeast,normal,-0.3,severe weather,1800,,
955,10.0,2011.0,Northeast,cold,-0.9,severe weather,6074,,50000.0
956,2.0,2016.0,Northeast,warm,2,intentional attack,,,
957,6.0,2007.0,Northeast,normal,-0.3,severe weather,49,460,137000.0
958,8.0,2011.0,Northeast,cold,-0.6,severe weather,2299,,100000.0
959,3.0,2010.0,Northeast,warm,0.9,severe weather,5760,,153000.0
960,7.0,2011.0,Northeast,normal,-0.3,public appeal,420,,
961,2.0,2010.0,Northeast,warm,1.2,severe weather,7320,,55000.0
962,5.0,2011.0,Northeast,normal,-0.4,intentional attack,2880,0,0.0
963,2.0,2006.0,Northeast,cold,-0.6,severe weather,448,250,200000.0
964,2.0,2010.0,Northeast,warm,1.2,severe weather,2520,,150000.0
965,5.0,2016.0,Northeast,warm,0.6,fuel supply emergency,18717,150,
966,8.0,2003.0,Northeast,normal,0.2,system operability disruption,5513,22934,
967,6.0,2010.0,Northeast,normal,-0.4,system operability disruption,21,,
968,11.0,2003.0,Northeast,normal,0.3,severe weather,2100,180,50280.0
969,1.0,2004.0,Northeast,normal,0.3,public appeal,3120,100,18600.0
970,8.0,2011.0,Northeast,cold,-0.6,severe weather,8221,,99700.0
971,6.0,2005.0,Northeast,normal,0.2,severe weather,3240,,65000.0
972,8.0,2011.0,Northeast,cold,-0.6,severe weather,2880,,180000.0
973,7.0,2015.0,Northeast,warm,1.2,fuel supply emergency,255,500,
974,7.0,2013.0,Northeast,normal,-0.3,fuel supply emergency,2355,417,
975,9.0,2015.0,Northeast,warm,1.7,intentional attack,161,0,0.0
976,6.0,2008.0,Northeast,cold,-0.5,system operability disruption,50,200,61000.0
977,9.0,2011.0,Northeast,cold,-0.8,intentional attack,258,,0.0
978,10.0,2006.0,Northeast,warm,0.7,severe weather,13140,353,120000.0
979,8.0,2011.0,Northeast,cold,-0.6,severe weather,8640,,50000.0
980,12.0,2010.0,Northeast,cold,-1.4,fuel supply emergency,18240,300,
981,10.0,2006.0,Northeast,warm,0.7,severe weather,15492,600,250000.0
982,10.0,2012.0,Northeast,normal,0.3,severe weather,8268,,371000.0
983,6.0,2012.0,Northeast,normal,-0.1,intentional attack,0,,
984,8.0,2013.0,Northeast,normal,-0.3,intentional attack,300,,
985,3.0,2011.0,Northeast,cold,-0.7,fuel supply emergency,14400,676,
986,10.0,2011.0,Northeast,cold,-0.9,severe weather,7962,,161151.0
987,2.0,2004.0,Northeast,normal,0.3,public appeal,2400,30,18600.0
988,7.0,2006.0,Northeast,normal,0.1,severe weather,11296,,25000.0
989,6.0,2007.0,Northeast,normal,-0.3,system operability disruption,48,460,
990,2.0,2014.0,Northeast,cold,-0.5,fuel supply emergency,60480,675,
991,8.0,2008.0,South,normal,-0.3,fuel supply emergency,28170,200,
992,7.0,2009.0,South,warm,0.5,public appeal,300,,
993,6.0,2004.0,South,normal,0.3,severe weather,8054,350,59057.0
994,8.0,2010.0,South,cold,-1.2,public appeal,2775,,
995,8.0,2010.0,South,cold,-1.2,public appeal,2775,,
996,8.0,2005.0,South,normal,-0.1,severe weather,2160,,1100000.0
997,10.0,2004.0,South,warm,0.7,severe weather,2100,,
998,8.0,2010.0,South,cold,-1.2,public appeal,2775,,
999,5.0,2016.0,South,warm,0.6,system operability disruption,3180,,85000.0
1000,8.0,2010.0,South,cold,-1.2,public appeal,2775,,
1001,7.0,2005.0,South,normal,0,severe weather,1440,,287000.0
1002,6.0,2010.0,South,normal,-0.4,public appeal,430,,
1003,1.0,2012.0,South,cold,-0.7,system operability disruption,2129,150,1.0
1004,7.0,2004.0,South,warm,0.5,public appeal,1755,,
1005,5.0,2016.0,South,warm,0.6,severe weather,,,57184.0
1006,8.0,2005.0,South,normal,-0.1,severe weather,692,300,143000.0
1007,4.0,2009.0,South,normal,-0.1,system operability disruption,732,32,11000.0
1008,4.0,2011.0,South,cold,-0.5,equipment failure,7,33,11000.0
1009,6.0,2009.0,South,normal,0.4,public appeal,510,,
1010,10.0,2008.0,South,normal,-0.4,system operability disruption,420,200,
1011,9.0,2008.0,South,normal,-0.3,severe weather,13215,,246092.0
1012,6.0,2010.0,South,normal,-0.4,public appeal,557,,
1013,7.0,2009.0,South,warm,0.5,public appeal,300,,
1014,9.0,2008.0,South,normal,-0.3,severe weather,17812,400,150000.0
1015,9.0,2008.0,South,normal,-0.3,severe weather,20416,40,50000.0
1016,9.0,2005.0,South,normal,0,severe weather,6240,700,190000.0
1017,6.0,2010.0,South,normal,-0.4,public appeal,467,,
1018,8.0,2012.0,South,normal,0.3,severe weather,3067,,95000.0
1019,8.0,2012.0,South,normal,0.3,severe weather,3060,300,50000.0
1020,5.0,2008.0,South,cold,-0.7,system operability disruption,355,225,
1021,6.0,2010.0,South,normal,-0.4,public appeal,430,,
1022,7.0,2009.0,South,warm,0.5,public appeal,300,,
1023,5.0,2013.0,South,normal,-0.2,equipment failure,227,103,21800.0
1024,4.0,2014.0,South,normal,-0.2,system operability disruption,52,163,28000.0
1025,10.0,2002.0,South,warm,1.1,severe weather,,,242910.0
1026,1.0,2010.0,South,warm,1.3,public appeal,2880,,
1027,9.0,2005.0,South,normal,0,severe weather,18804,350,125000.0
1028,8.0,2012.0,South,normal,0.3,severe weather,1867,150,68018.0
1029,4.0,2011.0,South,cold,-0.5,severe weather,1690,120,
1030,4.0,2010.0,South,warm,0.5,equipment failure,295,,
1031,3.0,2013.0,Southeast,normal,-0.3,intentional attack,17,0,0.0
1032,8.0,2012.0,Southeast,normal,0.3,severe weather,240,,440000.0
1033,8.0,2005.0,Southeast,normal,-0.1,severe weather,17520,0,0.0
1034,9.0,2005.0,Southeast,normal,0,severe weather,8189,0,0.0
1035,2.0,2008.0,Southeast,cold,-1.3,equipment failure,182,3200,584384.0
1036,8.0,2008.0,Southeast,normal,-0.3,severe weather,5820,,430000.0
1037,4.0,2016.0,Southeast,warm,1.1,intentional attack,83,0,0.0
1038,8.0,2002.0,Southeast,warm,0.8,system operability disruption,230,51,25000.0
1039,3.0,2011.0,Southeast,cold,-0.7,severe weather,2009,,50000.0
1040,10.0,2005.0,Southeast,normal,-0.2,severe weather,720,280,105000.0
1041,2.0,2008.0,Southeast,cold,-1.3,system operability disruption,155,500,150000.0
1042,5.0,2004.0,Southeast,normal,0.2,public appeal,4320,0,0.0
1043,5.0,2004.0,Southeast,normal,0.2,public appeal,4320,0,0.0
1044,8.0,2004.0,Southeast,warm,0.6,severe weather,480,1400,1200000.0
1045,4.0,2004.0,Southeast,normal,0.1,severe weather,1005,250,179000.0
1046,7.0,2004.0,Southeast,warm,0.5,equipment failure,221,283,42124.0
1047,1.0,2010.0,Southeast,warm,1.3,system operability disruption,372,,
1048,8.0,2005.0,Southeast,normal,-0.1,severe weather,13430,0,0.0
1049,5.0,2004.0,Southeast,normal,0.2,public appeal,4320,0,0.0
1050,2.0,2008.0,Southeast,cold,-1.3,system operability disruption,91,318,53965.0
1051,1.0,2009.0,Southeast,cold,-0.7,equipment failure,1419,55,31000.0
1052,9.0,2004.0,Southeast,warm,0.7,severe weather,3600,6000,2775093.0
1053,9.0,2005.0,Southeast,normal,0,severe weather,10080,0,0.0
1054,8.0,2008.0,Southeast,normal,-0.3,severe weather,5071,,101950.0
1055,6.0,2013.0,Southeast,normal,-0.2,system operability disruption,152,180,37.0
1056,9.0,2004.0,Southeast,warm,0.7,severe weather,6840,350,110000.0
1057,8.0,2004.0,Southeast,warm,0.6,severe weather,221,250,78000.0
1058,10.0,2005.0,Southeast,normal,-0.2,severe weather,24780,148,84900.0
1059,2.0,2008.0,Southeast,cold,-1.3,system operability disruption,38,120,56000.0
1060,2.0,2008.0,Southeast,cold,-1.3,system operability disruption,61,140,47661.0
1061,9.0,2004.0,Southeast,warm,0.7,severe weather,7560,1800,722000.0
1062,8.0,2013.0,Southeast,normal,-0.3,system operability disruption,90,297,104498.0
1063,9.0,2004.0,Southeast,warm,0.7,severe weather,10380,2100,832898.0
1064,6.0,2008.0,Southeast,cold,-0.5,equipment failure,396,113,32593.0
1065,9.0,2004.0,Southeast,warm,0.7,severe weather,2040,1250,285300.0
1066,9.0,2004.0,Southeast,warm,0.7,severe weather,12060,1100,268000.0
1067,10.0,2005.0,Southeast,normal,-0.2,severe weather,1080,10000,3241437.0
1068,9.0,2004.0,Southeast,warm,0.7,severe weather,1680,125,26000.0
1069,8.0,2004.0,Southeast,warm,0.6,severe weather,13920,1300,502000.0
1070,8.0,2005.0,Southeast,normal,-0.1,severe weather,14101,0,0.0
1071,8.0,2004.0,Southeast,warm,0.6,severe weather,1099,65,23000.0
1072,9.0,2004.0,Southeast,warm,0.7,severe weather,2460,125,26000.0
1073,3.0,2011.0,Southeast,cold,-0.7,severe weather,540,206,87000.0
1074,1.0,2011.0,Southeast,cold,-1.3,system operability disruption,52,150,20900.0
1075,12.0,2003.0,Southeast,normal,0.3,system operability disruption,816,27,16500.0
1076,9.0,2007.0,West,cold,-0.9,severe weather,420,,
1077,5.0,2008.0,West,cold,-0.7,system operability disruption,155,483,
1078,5.0,2006.0,West,normal,0,severe weather,437,133,
1079,10.0,2015.0,West,warm,2,public appeal,247,41788,
1080,2.0,2014.0,West,cold,-0.5,fuel supply emergency,540,4000,
1081,4.0,2013.0,West,normal,-0.2,intentional attack,1135,0,0.0
1082,1.0,2008.0,West,cold,-1.4,equipment failure,437,,
1083,7.0,2006.0,West,normal,0.1,severe weather,180,695,
1084,7.0,2005.0,West,normal,0,system operability disruption,171,197,128050.0
1085,8.0,2013.0,West,normal,-0.3,severe weather,656,685,124000.0
1086,9.0,2005.0,West,normal,0,equipment failure,84,2578,900000.0
1087,8.0,2005.0,West,normal,-0.1,equipment failure,202,240,
1088,6.0,2013.0,West,normal,-0.2,severe weather,255,,148000.0
1089,7.0,2008.0,West,normal,-0.4,severe weather,1054,119,37784.0
1090,2.0,2015.0,West,warm,0.5,intentional attack,1,,
1091,2.0,2013.0,West,normal,-0.4,islanding,1254,13850,6810.0
1092,3.0,2011.0,West,cold,-0.7,severe weather,1456,,79000.0
1093,9.0,2010.0,West,cold,-1.4,system operability disruption,177,595,
1094,7.0,2013.0,West,normal,-0.3,intentional attack,106,,2500.0
1095,9.0,2015.0,West,warm,1.7,system operability disruption,32,150,
1096,11.0,2011.0,West,cold,-1,severe weather,2464,,150000.0
1097,7.0,2015.0,West,warm,1.2,system operability disruption,55,360,
1098,9.0,2010.0,West,cold,-1.4,islanding,144,31,15000.0
1099,7.0,2011.0,West,normal,-0.3,intentional attack,70,,
1100,8.0,2007.0,West,cold,-0.6,system operability disruption,64,180,26000.0
1101,2.0,2011.0,West,cold,-1,intentional attack,8873,0,0.0
1102,11.0,2009.0,West,warm,1.1,equipment failure,945,630,
1103,6.0,2015.0,West,warm,1,fuel supply emergency,,176,
1104,1.0,2008.0,West,cold,-1.4,severe weather,523,300,150000.0
1105,3.0,2010.0,West,warm,0.9,system operability disruption,56,324,290000.0
1106,9.0,2008.0,West,normal,-0.3,islanding,3,30,10000.0
1107,12.0,2006.0,West,warm,0.9,severe weather,8472,420,850068.0
1108,5.0,2007.0,West,normal,-0.2,equipment failure,155,150,
1109,3.0,2004.0,West,normal,0.2,system operability disruption,33,300,70000.0
1110,2.0,2008.0,West,cold,-1.3,equipment failure,749,,
1111,12.0,2006.0,West,warm,0.9,equipment failure,159,220,
1112,7.0,2008.0,West,normal,-0.4,fuel supply emergency,,,
1113,2.0,2008.0,West,cold,-1.3,islanding,270,10,10008.0
1114,10.0,2004.0,West,warm,0.7,severe weather,2790,140,407440.0
1115,6.0,2008.0,West,cold,-0.5,severe weather,224,3,477.0
1116,1.0,2010.0,West,warm,1.3,severe weather,1470,2650,50000.0
1117,10.0,2006.0,West,warm,0.7,system operability disruption,334,308,130000.0
1118,6.0,2015.0,West,warm,1,severe weather,2050,,
1119,2.0,2014.0,West,cold,-0.5,fuel supply emergency,370,160,
1120,6.0,2015.0,West,warm,1,islanding,26,5,727.0
1121,6.0,2015.0,West,warm,1,islanding,797,5,484.0
1122,4.0,2015.0,West,warm,0.7,islanding,12,0,0.0
1123,4.0,2013.0,West,normal,-0.2,islanding,195,80,1.0
1124,11.0,2013.0,West,normal,-0.3,islanding,1,55,48400.0
1125,3.0,2013.0,West,normal,-0.3,system operability disruption,230,300,58850.0
1126,10.0,2009.0,West,warm,0.9,severe weather,125,90,94000.0
1127,10.0,2013.0,West,normal,-0.3,islanding,15,115,433.0
1128,3.0,2001.0,West,normal,-0.4,system operability disruption,316,400,
1129,5.0,2006.0,West,normal,0,severe weather,365,300,55655.0
1130,8.0,2007.0,West,cold,-0.6,public appeal,1560,,
1131,1.0,2005.0,West,warm,0.7,severe weather,4740,120,442000.0
1132,1.0,2010.0,West,warm,1.3,severe weather,294,300,30000.0
1133,11.0,2013.0,West,normal,-0.3,severe weather,455,150,89500.0
1134,4.0,2012.0,West,normal,-0.4,intentional attack,2878,,
1135,8.0,2002.0,West,warm,0.8,system operability disruption,336,120,
1136,3.0,2015.0,West,warm,0.6,intentional attack,295,,
1137,7.0,2013.0,West,normal,-0.3,intentional attack,480,,
1138,4.0,2016.0,West,warm,1.1,system operability disruption,25,360,
1139,5.0,2013.0,West,normal,-0.2,fuel supply emergency,,176,
1140,2.0,2016.0,West,warm,2,islanding,223,7,4300.0
1141,2.0,2006.0,West,cold,-0.6,severe weather,2645,,160000.0
1142,12.0,2011.0,West,cold,-0.9,severe weather,2016,300,100000.0
1143,7.0,2006.0,West,normal,0.1,severe weather,7371,200,1271893.0
1144,7.0,2015.0,West,warm,1.2,intentional attack,360,0,0.0
1145,2.0,2011.0,West,cold,-1,severe weather,3408,91,80000.0
1146,4.0,2013.0,West,normal,-0.2,intentional attack,3698,,0.0
1147,2.0,2011.0,West,cold,-1,severe weather,4890,91,80000.0
1148,12.0,2015.0,West,warm,2.3,intentional attack,1,,
1149,5.0,2010.0,West,normal,0,equipment failure,871,318,
1150,2.0,2004.0,West,normal,0.3,severe weather,2759,240,505000.0
1151,8.0,2005.0,West,normal,-0.1,system operability disruption,250,,
1152,7.0,2007.0,West,normal,-0.4,public appeal,3301,,
1153,8.0,2005.0,West,normal,-0.1,system operability disruption,249,864,409000.0
1154,6.0,2013.0,West,normal,-0.2,equipment failure,164,240,65255.0
1155,8.0,2007.0,West,cold,-0.6,severe weather,435,,
1156,6.0,2015.0,West,warm,1,public appeal,420,,
1157,4.0,2007.0,West,normal,-0.1,equipment failure,854,130,
1158,11.0,2002.0,West,warm,1.2,severe weather,5160,270,939000.0
1159,3.0,2011.0,West,cold,-0.7,system operability disruption,133,15,6800.0
1160,1.0,2008.0,West,cold,-1.4,severe weather,15180,500,2606931.0
1161,1.0,2001.0,West,cold,-0.7,system operability disruption,2055,500,
1162,2.0,2010.0,West,warm,1.2,system operability disruption,451,1000,
1163,5.0,2001.0,West,normal,-0.2,public appeal,140,400,
1164,10.0,2010.0,West,cold,-1.5,system operability disruption,199,500,
1165,12.0,2003.0,West,normal,0.3,severe weather,721,220,109750.0
1166,7.0,2008.0,West,normal,-0.4,equipment failure,179,240,
1167,12.0,2010.0,West,cold,-1.4,system operability disruption,1524,464,
1168,7.0,2013.0,West,normal,-0.3,intentional attack,78,0,0.0
1169,12.0,2010.0,West,cold,-1.4,islanding,268,22,7077.0
1170,3.0,2010.0,West,warm,0.9,system operability disruption,39,324,
1171,2.0,2015.0,West,warm,0.5,intentional attack,1,,
1172,1.0,2010.0,West,warm,1.3,severe weather,14190,290,1700000.0
1173,2.0,2002.0,West,normal,0,system operability disruption,47,300,255000.0
1174,10.0,2004.0,West,warm,0.7,system operability disruption,161,103,59458.0
1175,12.0,2004.0,West,warm,0.7,severe weather,900,100,95000.0
1176,1.0,2010.0,West,warm,1.3,severe weather,6070,,147223.0
1177,4.0,2012.0,West,normal,-0.4,intentional attack,697,0,0.0
1178,12.0,2008.0,West,cold,-0.7,system operability disruption,234,110,50000.0
1179,10.0,2012.0,West,normal,0.3,islanding,14,3,2035.0
1180,12.0,2003.0,West,normal,0.3,severe weather,5910,160,241000.0
1181,5.0,2014.0,West,normal,-0.1,severe weather,,,426.0
1182,10.0,2003.0,West,normal,0.3,severe weather,34390,,108000.0
1183,10.0,2009.0,West,warm,0.9,system operability disruption,40,180,
1184,7.0,2015.0,West,warm,1.2,severe weather,166,160,78164.0
1185,5.0,2007.0,West,normal,-0.2,equipment failure,182,140,
1186,2.0,2008.0,West,cold,-1.3,equipment failure,829,,
1187,12.0,2015.0,West,warm,2.3,severe weather,15,24,9956.0
1188,8.0,2004.0,West,warm,0.6,equipment failure,64,480,182000.0
1189,11.0,2005.0,West,cold,-0.5,severe weather,13,136,
1190,6.0,2012.0,West,normal,-0.1,intentional attack,245,,
1191,12.0,2009.0,West,warm,1.3,equipment failure,1080,400,
1192,3.0,2001.0,West,normal,-0.4,system operability disruption,,,430984.0
1193,10.0,2009.0,West,warm,0.9,severe weather,390,350,859554.0
1194,7.0,2010.0,West,cold,-0.9,severe weather,47,522,
1195,7.0,2008.0,West,normal,-0.4,equipment failure,269,160,
1196,2.0,2015.0,West,warm,0.5,severe weather,,,65000.0
1197,6.0,2009.0,West,normal,0.4,islanding,400,1,70.0
1198,8.0,2010.0,West,cold,-1.2,fuel supply emergency,660,,
1199,3.0,2011.0,West,cold,-0.7,system operability disruption,213,295,165000.0
1200,4.0,2009.0,West,normal,-0.1,fuel supply emergency,,,
1201,11.0,2008.0,West,cold,-0.6,system operability disruption,761,250,140000.0
1202,12.0,2005.0,West,cold,-0.7,severe weather,8100,800,1667316.0
1203,7.0,2006.0,West,normal,0.1,severe weather,180,414,
1204,4.0,2009.0,West,normal,-0.1,system operability disruption,124,512,280000.0
1205,7.0,2012.0,West,normal,0.1,fuel supply emergency,4320,,0.0
1206,12.0,2002.0,West,warm,1.1,severe weather,2820,56,385000.0
1207,12.0,2012.0,West,normal,-0.2,intentional attack,3100,250,125000.0
1208,3.0,2016.0,West,warm,1.6,fuel supply emergency,49427,0,0.0
1209,10.0,2015.0,West,warm,2,severe weather,989,88,55677.0
1210,7.0,2003.0,West,normal,0.1,equipment failure,125,200,1.0
1211,7.0,2015.0,West,warm,1.2,islanding,44,,484.0
1212,8.0,2012.0,West,normal,0.3,islanding,26,5,127.0
1213,7.0,2005.0,West,normal,0,system operability disruption,245,206,133900.0
1214,6.0,2000.0,West,cold,-0.7,system operability disruption,,130,32000.0
1215,3.0,2015.0,West,warm,0.6,islanding,98,15,
1216,5.0,2014.0,West,normal,-0.1,intentional attack,1,,
1217,6.0,2011.0,West,normal,-0.3,intentional attack,0,0,0.0
1218,11.0,2010.0,West,cold,-1.4,islanding,135,20,4.0
1219,6.0,2010.0,West,normal,-0.4,islanding,50,3,2650.0
1220,9.0,2010.0,West,cold,-1.4,system operability disruption,1008,526,
1221,6.0,2011.0,West,normal,-0.3,islanding,53,10,5314.0
1222,3.0,2001.0,West,normal,-0.4,public appeal,554,700,
1223,2.0,2011.0,West,cold,-1,fuel supply emergency,1260,,
1224,10.0,2010.0,West,cold,-1.5,severe weather,2895,,73514.0
1225,8.0,2009.0,West,warm,0.5,public appeal,89,,
1226,6.0,2015.0,West,warm,1,intentional attack,98,,0.0
1227,9.0,2008.0,West,normal,-0.3,fuel supply emergency,865,300,
1228,6.0,2011.0,West,normal,-0.3,intentional attack,128,,420.0
1229,5.0,2007.0,West,normal,-0.2,equipment failure,230,150,
1230,7.0,2008.0,West,normal,-0.4,severe weather,252,208,200000.0
1231,3.0,2011.0,West,cold,-0.7,severe weather,130,150,54332.0
1232,12.0,2010.0,West,cold,-1.4,islanding,5,9,6635.0
1233,7.0,2015.0,West,warm,1.2,islanding,157,30,70.0
1234,3.0,2011.0,West,cold,-0.7,severe weather,6914,91,128000.0
1235,10.0,2010.0,West,cold,-1.5,islanding,11,16,2674.0
1236,12.0,2012.0,West,normal,-0.2,system operability disruption,13,390,
1237,6.0,2012.0,West,normal,-0.1,fuel supply emergency,2880,,
1238,5.0,2004.0,West,normal,0.2,severe weather,270,662,940.0
1239,10.0,2007.0,West,cold,-1.1,severe weather,962,280,20345.0
1240,7.0,2010.0,West,cold,-0.9,severe weather,47,522,
1241,2.0,2016.0,West,warm,2,fuel supply emergency,,0,0.0
1242,10.0,2012.0,West,normal,0.3,intentional attack,20,,
1243,5.0,2001.0,West,normal,-0.2,system operability disruption,108,225,70848.0
1244,12.0,2011.0,West,cold,-0.9,severe weather,9855,,91690.0
1245,5.0,2001.0,West,normal,-0.2,public appeal,75,300,
1246,10.0,2007.0,West,cold,-1.1,severe weather,17,700,300000.0
1247,10.0,2007.0,West,cold,-1.1,severe weather,21,451,90323.0
1248,1.0,2004.0,West,normal,0.3,severe weather,1950,170,263000.0
1249,12.0,2008.0,West,cold,-0.7,public appeal,11867,5,
1250,3.0,2001.0,West,normal,-0.4,system operability disruption,141,,25000.0
1251,10.0,2007.0,West,cold,-1.1,system operability disruption,959,240,104000.0
1252,12.0,2008.0,West,cold,-0.7,islanding,1035,1,638.0
1253,5.0,2014.0,West,normal,-0.1,severe weather,617,3900,1400000.0
1254,4.0,2007.0,West,normal,-0.1,severe weather,1230,200,158977.0
1255,2.0,2004.0,West,normal,0.3,severe weather,572,220,
1256,2.0,2014.0,West,cold,-0.5,fuel supply emergency,324,611,
1257,1.0,2001.0,West,cold,-0.7,system operability disruption,1835,300,
1258,12.0,2002.0,West,warm,1.1,severe weather,6780,180,1500000.0
1259,6.0,2009.0,West,normal,0.4,fuel supply emergency,900,300,
1260,5.0,2014.0,West,normal,-0.1,severe weather,,3300,1400000.0
1261,10.0,2007.0,West,cold,-1.1,severe weather,37,199,68780.0
1262,12.0,2015.0,West,warm,2.3,severe weather,72,29,9956.0
1263,5.0,2015.0,West,warm,0.8,intentional attack,1,0,0.0
1264,11.0,2010.0,West,cold,-1.4,islanding,251,22,7077.0
1265,7.0,2013.0,West,normal,-0.3,equipment failure,620,200,123000.0
1266,3.0,2009.0,West,normal,-0.4,system operability disruption,89,150,
1267,7.0,2009.0,West,warm,0.5,equipment failure,909,136,1.0
1268,4.0,2015.0,West,warm,0.7,system operability disruption,236,,80000.0
1269,12.0,2009.0,West,warm,1.3,system operability disruption,326,,
1270,9.0,2007.0,West,cold,-0.9,severe weather,300,,
1271,11.0,2008.0,West,cold,-0.6,severe weather,751,211,115500.0
1272,6.0,2010.0,West,normal,-0.4,islanding,122,,
1273,2.0,2008.0,West,cold,-1.3,islanding,214,0,0.0
1274,2.0,2012.0,West,cold,-0.5,islanding,193,1,1.0
1275,4.0,2005.0,West,warm,0.5,severe weather,8,126,
1276,11.0,2010.0,West,cold,-1.4,severe weather,5227,75,60000.0
1277,9.0,2012.0,West,normal,0.3,fuel supply emergency,,,
1278,7.0,2004.0,West,warm,0.5,severe weather,1414,214,
1279,10.0,2013.0,West,normal,-0.3,intentional attack,448,,
1280,7.0,2008.0,West,normal,-0.4,severe weather,4605,0,0.0
1281,2.0,2007.0,West,normal,0.4,severe weather,4080,110,671189.0
1282,6.0,2007.0,West,normal,-0.3,fuel supply emergency,,,
1283,12.0,2003.0,West,normal,0.3,equipment failure,1914,150,120000.0
1284,11.0,2008.0,West,cold,-0.6,system operability disruption,759,430,400000.0
1285,4.0,2014.0,West,normal,-0.2,intentional attack,1,,
1286,1.0,2009.0,South,cold,-0.7,severe weather,10274,,111818.0
1287,2.0,2011.0,South,cold,-1,islanding,3,4,
1288,1.0,2009.0,South,cold,-0.7,severe weather,2700,600,215700.0
1289,3.0,2012.0,South,normal,-0.4,equipment failure,105,,
1290,10.0,2013.0,South,normal,-0.3,intentional attack,240,,
1291,9.0,2012.0,South,normal,0.3,severe weather,210,,64951.0
1292,8.0,2013.0,South,normal,-0.3,intentional attack,1,,
1293,4.0,2011.0,South,cold,-0.5,severe weather,1201,22,
1294,5.0,2013.0,South,normal,-0.2,severe weather,30,,
1295,4.0,2011.0,South,cold,-0.5,severe weather,2806,50,13000.0
1296,7.0,2015.0,South,warm,1.2,severe weather,1226,,
1297,6.0,2012.0,South,normal,-0.1,public appeal,300,45,7935.0
1298,6.0,2010.0,South,normal,-0.4,public appeal,206,84,25159.0
1299,8.0,2011.0,South,cold,-0.6,public appeal,270,0,0.0
1300,6.0,2011.0,South,normal,-0.3,public appeal,2880,,13000.0
1301,2.0,2012.0,South,cold,-0.5,intentional attack,513,,
1302,12.0,2002.0,South,warm,1.1,severe weather,8160,,43000.0
1303,6.0,2011.0,South,normal,-0.3,public appeal,3314,,
1304,7.0,2006.0,South,normal,0.1,public appeal,414,40,8000.0
1305,8.0,2005.0,South,normal,-0.1,severe weather,126,650,50797.0
1306,9.0,2013.0,South,normal,-0.2,intentional attack,60,,
1307,4.0,2014.0,South,normal,-0.2,severe weather,285,,57200.0
1308,10.0,2013.0,South,normal,-0.3,intentional attack,110,,9200.0
1309,7.0,2012.0,South,normal,0.1,public appeal,62,,
1310,11.0,2015.0,South,warm,2.2,intentional attack,2363,4,
1311,6.0,2008.0,Southeast,cold,-0.5,severe weather,424,900,115000.0
1312,7.0,2011.0,Southeast,normal,-0.3,severe weather,180,150,51580.0
1313,8.0,2011.0,Southeast,cold,-0.6,severe weather,0,0,0.0
1314,12.0,2013.0,Southeast,normal,-0.3,severe weather,448,293,88000.0
1315,5.0,2013.0,Southeast,normal,-0.2,intentional attack,2,,
1316,7.0,2004.0,Southeast,warm,0.5,severe weather,624,120,88110.0
1317,7.0,2015.0,Southeast,warm,1.2,severe weather,2435,,52739.0
1318,11.0,2003.0,Southeast,normal,0.3,severe weather,131,300,67000.0
1319,,2000.0,Southeast,,,equipment failure,,143,37000.0
1320,12.0,2011.0,Southeast,cold,-0.9,severe weather,208,240,60000.0
1321,1.0,2013.0,Southeast,normal,-0.4,severe weather,103,188,119000.0
1322,1.0,2011.0,Southeast,cold,-1.3,severe weather,1355,600,150084.0
1323,10.0,2012.0,Southeast,normal,0.3,severe weather,1523,520,156000.0
1324,6.0,2011.0,Southeast,normal,-0.3,severe weather,90,250,56000.0
1325,5.0,2011.0,Southeast,normal,-0.4,severe weather,1205,790,175000.0
1326,7.0,2007.0,Southeast,normal,-0.4,severe weather,385,72,107000.0
1327,7.0,2010.0,Southeast,cold,-0.9,severe weather,144,,55000.0
1328,7.0,2010.0,Southeast,cold,-0.9,severe weather,235,950,81000.0
1329,8.0,2001.0,Southeast,normal,-0.1,system operability disruption,241,,600000.0
1330,6.0,2012.0,Southeast,normal,-0.1,severe weather,6787,5000,880000.0
1331,3.0,2009.0,Southeast,normal,-0.4,public appeal,1337,350,
1332,9.0,2012.0,Southeast,normal,0.3,severe weather,1673,475,119000.0
1333,8.0,2010.0,Southeast,cold,-1.2,severe weather,3366,,145157.0
1334,3.0,2009.0,Southeast,normal,-0.4,severe weather,2640,210,217000.0
1335,6.0,2008.0,Southeast,cold,-0.5,severe weather,1826,850,253800.0
1336,2.0,2008.0,Southeast,cold,-1.3,severe weather,570,170,114618.0
1337,3.0,2013.0,Southeast,normal,-0.3,severe weather,1565,400,233000.0
1338,12.0,2002.0,Southeast,warm,1.1,severe weather,2691,63,130000.0
1339,7.0,2006.0,Southeast,normal,0.1,severe weather,1072,300,75000.0
1340,7.0,2003.0,Southeast,normal,0.1,severe weather,115,120,80000.0
1341,8.0,2007.0,Southeast,cold,-0.6,severe weather,816,100,58500.0
1342,7.0,2006.0,Southeast,normal,0.1,severe weather,168,335,67000.0
1343,9.0,2010.0,Southeast,cold,-1.4,public appeal,30,,
1344,2.0,2011.0,Southeast,cold,-1,severe weather,160,,50000.0
1345,2.0,2006.0,Southeast,cold,-0.6,severe weather,485,250,126000.0
1346,6.0,2013.0,Southeast,normal,-0.2,severe weather,1508,900,283000.0
1347,6.0,2012.0,Southeast,normal,-0.1,severe weather,1301,600,190000.0
1348,8.0,2010.0,West North Central,cold,-1.2,public appeal,159,65,
1349,6.0,2008.0,West North Central,cold,-0.5,severe weather,60,650,126000.0
1350,6.0,2004.0,West North Central,normal,0.3,severe weather,4,428,120212.0
1351,12.0,2006.0,West North Central,warm,0.9,severe weather,9600,400,15000.0
1352,10.0,2009.0,West North Central,warm,0.9,severe weather,106,101,35500.0
1353,11.0,2011.0,West North Central,cold,-1,intentional attack,0,0,0.0
1354,5.0,2011.0,West North Central,normal,-0.4,intentional attack,0,0,0.0
1355,8.0,2013.0,West North Central,normal,-0.3,intentional attack,1,,
1356,6.0,2013.0,West North Central,normal,-0.2,islanding,32,6,
1357,11.0,2010.0,West North Central,cold,-1.4,equipment failure,61,,
1358,6.0,2012.0,Southwest,normal,-0.1,intentional attack,314,0,0.0
1359,2.0,2013.0,Southwest,normal,-0.4,intentional attack,30,,
1360,3.0,2000.0,Southwest,cold,-1.1,system operability disruption,0,1040,500000.0
1361,8.0,2013.0,Southwest,normal,-0.3,intentional attack,92,,
1362,2.0,2013.0,Southwest,normal,-0.4,intentional attack,390,,
1363,1.0,2013.0,Southwest,normal,-0.4,intentional attack,161,0,0.0
1364,2.0,2013.0,Southwest,normal,-0.4,intentional attack,60,,
1365,11.0,2013.0,Southwest,normal,-0.3,fuel supply emergency,76,,
1366,6.0,2013.0,Northeast,normal,-0.2,intentional attack,1,,
1367,10.0,2012.0,Northeast,normal,0.3,intentional attack,1,0,0.0
1368,11.0,2012.0,Northeast,normal,0.1,intentional attack,160,0,0.0
1369,3.0,2012.0,Northeast,normal,-0.4,intentional attack,20,,
1370,2.0,2014.0,Northeast,cold,-0.5,intentional attack,1,,
1371,7.0,2011.0,Northeast,normal,-0.3,intentional attack,1,,
1372,5.0,2012.0,Northeast,normal,-0.3,intentional attack,70,0,0.0
1373,6.0,2011.0,Northeast,normal,-0.3,intentional attack,50,0,0.0
1374,4.0,2012.0,Northeast,normal,-0.4,intentional attack,15,0,0.0
1375,2.0,2004.0,Southeast,normal,0.3,severe weather,810,10,47165.0
1376,1.0,2005.0,Southeast,warm,0.7,severe weather,1380,83,82000.0
1377,1.0,2004.0,Southeast,normal,0.3,severe weather,1800,150,30689.0
1378,9.0,2004.0,Southeast,warm,0.7,severe weather,1560,2200,150000.0
1379,5.0,2011.0,Southeast,normal,-0.4,severe weather,2054,729,218783.0
1380,6.0,2011.0,Southeast,normal,-0.3,severe weather,1452,312,93828.0
1381,12.0,2005.0,Southeast,cold,-0.7,severe weather,1865,75,52659.0
1382,2.0,2015.0,Southeast,warm,0.5,severe weather,1999,620,186035.0
1383,11.0,2006.0,Southeast,warm,0.9,severe weather,120,363,109000.0
1384,5.0,2008.0,Southeast,cold,-0.7,severe weather,1950,100,80539.0
1385,11.0,2004.0,Southeast,warm,0.6,severe weather,360,100,83450.0
1386,2.0,2014.0,Southeast,cold,-0.5,severe weather,1087,221,66445.0
1387,6.0,2009.0,Southeast,normal,0.4,severe weather,1200,290,102000.0
1388,2.0,2014.0,Southeast,cold,-0.5,severe weather,4122,1246,373835.0
1389,9.0,2004.0,Southeast,warm,0.7,severe weather,360,854,85455.0
1390,6.0,2011.0,Southeast,normal,-0.3,severe weather,645,563,169000.0
1391,4.0,2012.0,Southeast,normal,-0.4,intentional attack,108,,
1392,5.0,2011.0,Northeast,normal,-0.4,intentional attack,0,0,0.0
1393,11.0,2013.0,Northeast,normal,-0.3,intentional attack,1,,
1394,8.0,2011.0,Northeast,cold,-0.6,severe weather,1440,,158000.0
1395,6.0,2009.0,Northeast,normal,0.4,severe weather,4560,,50752.0
1396,4.0,2013.0,Northeast,normal,-0.2,intentional attack,1,,
1397,7.0,2011.0,Northeast,normal,-0.3,intentional attack,1,0,0.0
1398,5.0,2008.0,Northeast,cold,-0.7,severe weather,110,130,56400.0
1399,1.0,2013.0,Northeast,normal,-0.4,severe weather,210,75,75000.0
1400,3.0,2013.0,Northeast,normal,-0.3,intentional attack,120,,
1401,9.0,2011.0,Northeast,cold,-0.8,intentional attack,0,0,0.0
1402,5.0,2007.0,Northeast,normal,-0.2,severe weather,4260,,67000.0
1403,7.0,2010.0,Northeast,cold,-0.9,severe weather,76,,50100.0
1404,9.0,2011.0,Northeast,cold,-0.8,intentional attack,210,,
1405,3.0,2010.0,Northeast,warm,0.9,severe weather,3305,50,50246.0
1406,11.0,2002.0,Northeast,warm,1.2,severe weather,5880,,224912.0
1407,7.0,2006.0,Northeast,normal,0.1,severe weather,145,0,0.0
1408,1.0,2012.0,Northeast,cold,-0.7,intentional attack,60,,
1409,10.0,2008.0,Northeast,normal,-0.4,severe weather,2640,,52000.0
1410,12.0,2015.0,South,warm,2.3,severe weather,1042,,54476.0
1411,1.0,2012.0,South,cold,-0.7,intentional attack,110,0,0.0
1412,1.0,2002.0,South,normal,-0.2,severe weather,11880,500,1881134.0
1413,5.0,2012.0,South,normal,-0.3,severe weather,2245,,112000.0
1414,8.0,2011.0,South,cold,-0.6,islanding,984,92,14500.0
1415,1.0,2010.0,South,warm,1.3,severe weather,7200,,68705.0
1416,8.0,2011.0,South,cold,-0.6,public appeal,1381,,
1417,2.0,2010.0,South,warm,1.2,severe weather,148,30,
1418,12.0,2007.0,South,cold,-1.3,severe weather,13972,,256663.0
1419,12.0,2015.0,South,warm,2.3,severe weather,,,50500.0
1420,7.0,2016.0,South,normal,-0.3,severe weather,796,,96966.0
1421,8.0,2006.0,South,normal,0.3,public appeal,300,75,
1422,11.0,2015.0,South,warm,2.2,severe weather,,,35000.0
1423,8.0,2011.0,South,cold,-0.6,severe weather,2612,,54000.0
1424,5.0,2013.0,South,normal,-0.2,severe weather,3000,,41306.0
1425,8.0,2011.0,South,cold,-0.6,public appeal,431,300,
1426,5.0,2013.0,South,normal,-0.2,severe weather,5310,,127000.0
1427,7.0,2013.0,South,normal,-0.3,severe weather,1732,500,92748.0
1428,7.0,2011.0,South,normal,-0.3,intentional attack,0,0,0.0
1429,6.0,2004.0,South,normal,0.3,severe weather,6685,280,56874.0
1430,11.0,2015.0,South,warm,2.2,severe weather,3300,,55609.0
1431,12.0,2015.0,South,warm,2.3,severe weather,280,8,1500.0
1432,1.0,2012.0,South,cold,-0.7,intentional attack,117,,
1433,5.0,2011.0,South,normal,-0.4,severe weather,2895,,54000.0
1434,1.0,2011.0,Northeast,cold,-1.3,severe weather,480,,80000.0
1435,6.0,2012.0,Northeast,normal,-0.1,system operability disruption,31,51,29250.0
1436,8.0,2011.0,Northeast,cold,-0.6,severe weather,1,,50000.0
1437,1.0,2011.0,Northeast,cold,-1.3,intentional attack,0,0,0.0
1438,4.0,2012.0,Northeast,normal,-0.4,intentional attack,0,0,0.0
1439,3.0,2001.0,Northeast,normal,-0.4,system operability disruption,103,340,130000.0
1440,2.0,2013.0,Northeast,normal,-0.4,severe weather,4745,,50000.0
1441,4.0,2012.0,Northeast,normal,-0.4,intentional attack,307,,
1442,10.0,2012.0,Northeast,normal,0.3,severe weather,1656,,50000.0
1443,10.0,2012.0,Northeast,normal,0.3,severe weather,3525,,50000.0
1444,8.0,2004.0,Northeast,warm,0.6,severe weather,374,22700,380000.0
1445,3.0,2016.0,Northeast,warm,1.6,intentional attack,1068,200,50500.0
1446,5.0,2012.0,Northeast,normal,-0.3,intentional attack,1569,,
1447,3.0,2013.0,Northeast,normal,-0.3,intentional attack,114,,
1448,12.0,2003.0,Northeast,normal,0.3,severe weather,115,630,300000.0
1449,7.0,2013.0,Northeast,normal,-0.3,intentional attack,15,0,0.0
1450,2.0,2013.0,Northeast,normal,-0.4,fuel supply emergency,2891,1,1.0
1451,11.0,2012.0,Northeast,normal,0.1,intentional attack,1,0,0.0
1452,12.0,2007.0,Northeast,cold,-1.3,fuel supply emergency,1676,0,0.0
1453,7.0,2011.0,Northeast,normal,-0.3,intentional attack,0,,0.0
1454,8.0,2011.0,Northeast,cold,-0.6,intentional attack,0,0,0.0
1455,4.0,2007.0,Northeast,normal,-0.1,severe weather,3604,,127545.0
1456,7.0,2011.0,Northeast,normal,-0.3,intentional attack,195,,
1457,12.0,2015.0,Northeast,warm,2.3,intentional attack,1,0,0.0
1458,7.0,2011.0,Northeast,normal,-0.3,intentional attack,0,,0.0
1459,2.0,2009.0,Northeast,cold,-0.6,severe weather,2108,,131000.0
1460,1.0,2006.0,Northeast,cold,-0.7,severe weather,198,75,63000.0
1461,12.0,2008.0,Northeast,cold,-0.7,severe weather,3667,,169757.0
1462,2.0,2008.0,Northeast,cold,-1.3,severe weather,1037,50,50462.0
1463,11.0,2010.0,Northeast,cold,-1.4,severe weather,673,,60863.0
1464,3.0,2000.0,Northeast,cold,-1.1,intentional attack,,,
1465,12.0,2013.0,Northeast,normal,-0.3,severe weather,2652,,52500.0
1466,5.0,2013.0,Northeast,normal,-0.2,intentional attack,300,0,0.0
1467,7.0,2009.0,Northeast,warm,0.5,islanding,881,0,0.0
1468,7.0,2008.0,Northeast,normal,-0.4,severe weather,618,180,110000.0
1469,10.0,2012.0,Northeast,normal,0.3,severe weather,1187,,50000.0
1470,4.0,2007.0,Northeast,normal,-0.1,severe weather,950,,117142.0
1471,10.0,2012.0,Northeast,normal,0.3,severe weather,2535,,50000.0
1472,11.0,2012.0,Northeast,normal,0.1,intentional attack,27,0,0.0
1473,2.0,2012.0,Northeast,cold,-0.5,intentional attack,108,0,0.0
1474,7.0,2011.0,Northeast,normal,-0.3,intentional attack,73,0,0.0
1475,3.0,2011.0,Northeast,cold,-0.7,intentional attack,200,,
1476,10.0,2012.0,Northeast,normal,0.3,intentional attack,5,0,0.0
1477,5.0,2011.0,Northeast,normal,-0.4,intentional attack,75,0,0.0
1478,5.0,2011.0,Northeast,normal,-0.4,intentional attack,0,0,0.0
1479,5.0,2013.0,Northeast,normal,-0.2,intentional attack,77,,
1480,4.0,2007.0,Northeast,normal,-0.1,severe weather,660,,102568.0
1481,5.0,2011.0,Northeast,normal,-0.4,intentional attack,0,0,0.0
1482,3.0,2011.0,Northeast,cold,-0.7,intentional attack,92,,
1483,11.0,2011.0,Northeast,cold,-1,intentional attack,30,0,0.0
1484,11.0,2012.0,Northeast,normal,0.1,intentional attack,33,0,0.0
1485,1.0,2011.0,West,cold,-1.3,intentional attack,1895,0,0.0
1486,6.0,2013.0,West,normal,-0.2,intentional attack,274,,1100.0
1487,12.0,2015.0,West,warm,2.3,intentional attack,1,0,0.0
1488,5.0,2011.0,West,normal,-0.4,intentional attack,1534,56,
1489,10.0,2012.0,West,normal,0.3,intentional attack,1,,
1490,3.0,2016.0,West,warm,1.6,intentional attack,60,,110000.0
1491,1.0,2012.0,West,cold,-0.7,intentional attack,108,0,0.0
1492,5.0,2013.0,Southwest,normal,-0.2,islanding,2,123,35230.0
1493,4.0,2013.0,Southwest,normal,-0.2,intentional attack,175,0,0.0
1494,6.0,2005.0,Southwest,normal,0.2,fuel supply emergency,,0,0.0
1495,10.0,2011.0,Southwest,cold,-0.9,severe weather,2040,,204000.0
1496,7.0,2009.0,Southwest,warm,0.5,severe weather,2710,150,86058.0
1497,7.0,2011.0,Southwest,normal,-0.3,system operability disruption,284,580,
1498,2.0,2015.0,Southwest,warm,0.5,intentional attack,105,,
1499,3.0,2016.0,Southwest,warm,1.6,severe weather,4019,0,0.0
1500,10.0,2012.0,Southwest,normal,0.3,intentional attack,1,,
1501,6.0,2010.0,Southwest,normal,-0.4,system operability disruption,391,300,31000.0
1502,2.0,2006.0,Southwest,cold,-0.6,system operability disruption,439,428,
1503,6.0,2012.0,Southwest,normal,-0.1,system operability disruption,5,120,30379.0
1504,10.0,2012.0,Southwest,normal,0.3,intentional attack,201,0,0.0
1505,10.0,2006.0,Southwest,warm,0.7,severe weather,2140,,65000.0
1506,2.0,2012.0,Southwest,cold,-0.5,intentional attack,103,0,0.0
1507,,2002.0,South,,,severe weather,,550,270000.0
1508,3.0,2015.0,South,warm,0.6,intentional attack,187,,
1509,12.0,2015.0,South,warm,2.3,intentional attack,1406,0,0.0
1510,4.0,2015.0,South,warm,0.7,severe weather,348,,70000.0
1511,12.0,2007.0,South,cold,-1.3,severe weather,13650,500,95000.0
1512,12.0,2015.0,South,warm,2.3,intentional attack,90,0,0.0
1513,6.0,2011.0,South,normal,-0.3,public appeal,913,,
1514,6.0,2015.0,South,warm,1,severe weather,,,110000.0
1515,1.0,2005.0,South,warm,0.7,severe weather,14040,200,211000.0
1516,12.0,2008.0,,cold,-0.7,severe weather,1367,1060,294000.0
1517,5.0,2011.0,,normal,-0.4,severe weather,174,220,62000.0
1518,10.0,2006.0,,warm,0.7,severe weather,543,110,59886.0
1519,6.0,2006.0,,normal,0,system operability disruption,237,120,29300.0
1520,10.0,2006.0,,warm,0.7,severe weather,1906,1170,291000.0
1521,7.0,2016.0,Northwest,normal,-0.3,system operability disruption,224,290,
1522,12.0,2011.0,Northwest,cold,-0.9,intentional attack,0,0,0.0
1523,6.0,2004.0,Northwest,normal,0.3,system operability disruption,95,157,35000.0
1524,1.0,2011.0,Northwest,cold,-1.3,intentional attack,360,0,0.0
1525,6.0,2003.0,Northwest,normal,-0.1,public appeal,1548,0,0.0
1526,6.0,2011.0,Northwest,normal,-0.3,intentional attack,870,,
1527,3.0,2016.0,Northwest,warm,1.6,intentional attack,0,0,0.0
1528,3.0,2016.0,Northwest,warm,1.6,intentional attack,,0,0.0
1529,7.0,2016.0,Northwest,normal,-0.3,system operability disruption,220,485,
1530,12.0,2011.0,West North Central,cold,-0.9,public appeal,720,155,34500.0
1531,,2006.0,West North Central,,,fuel supply emergency,,1650,
1532,8.0,2009.0,West North Central,warm,0.5,islanding,59,84,
1533,8.0,2009.0,West North Central,warm,0.5,islanding,181,373,
1534,,2000.0,,,,equipment failure,,35,14273.0
